lead_id,created_date,first_name,last_name,email,title,persona,company,account_id,segment,region,employees,lead_source,partner,product_interest,is_existing_customer,intent_signals,status,mql_date,sal_date,mql_to_sal_hours,sql_date,converted_date,opportunity_id,disqualify_reason,owner
L-5000,2026-02-18,Kendall,Nash,kendall.nash@northgatesavingsbank.example,"SVP, Enterprise Risk",chief_risk_officer,Northgate Savings Bank,ACC-1134,regional_bank_cu,NA,847,Outbound - Clay Enrichment,,compliance,False,chat_engaged@2026-02-25|unify_website_visit@2026-03-08|competitor_renewal_window@2026-03-01,Disqualified,,,,,,,Competitor,Marketing Queue
L-5001,2026-06-19,Riley,Ellery,riley.ellery@tidewaterprocessing.example,VP Payments,head_of_payments_product,Tidewater Processing,ACC-1305,payments_issuing,NA,3025,Paid Social,,compliance,True,webinar_attended@2026-07-05,Disqualified,,,,,,,Not ICP,Marketing Queue
L-5002,2026-06-18,Logan,Ingram,logan.ingram@tidewaterbaas.example,"SVP, Enterprise Risk",chief_risk_officer,Tidewater BaaS,ACC-1127,sponsor_bank_baas,NA,986,Content Download,,compliance,False,champion_job_change@2026-06-30|regulatory_action@2026-06-22,Disqualified,,,,,,,Not ICP,Marketing Queue
L-5003,2026-08-25,Emerson,Lowry,emerson.lowry@silverlineshop.example,AML Investigations Lead,fraud_ops_manager,Silverline Shop,ACC-1355,marketplace_commerce,MENA,9001,Outbound - Clay Enrichment,,fraud,False,demo_request@2026-08-27,Disqualified,,,,,,,Not ICP,Marketing Queue
L-5004,2026-06-26,Jordan,Dunmore,jordan.dunmore@unionsquaretickets.example,Fraud Operations Manager,fraud_ops_manager,Union Square Tickets,ACC-1424,marketplace_commerce,EMEA,1444,Partner Referral,Modulr,fraud,False,regulatory_action@2026-07-06|champion_job_change@2026-06-27,Disqualified,2026-06-27,2026-06-28,30,,,,,SDR - Fran Moretti
L-5005,2026-05-25,Quinn,Brooks,quinn.brooks@mapleleafsavingsbank.example,"Director, Fraud Risk",head_of_fraud,Maple Leaf Savings Bank,ACC-1154,regional_bank_cu,NA,4233,Demo Request,,compliance,False,demo_request@2026-05-27|sardinecon_attended@2026-06-14,Converted,2026-05-25,2026-05-25,2,2026-06-03,2026-06-07,OPP-7000,,SDR - Dana Lopes
L-5006,2026-06-29,Riley,Kestrel,riley.kestrel@unionsquarebank.example,"VP, Fraud Strategy",head_of_fraud,Union Square Bank,ACC-1004,tier1_bank,EMEA,97194,Demo Request,,fraud,True,demo_request@2026-07-03|regulatory_action@2026-07-01|unify_website_visit@2026-07-11|chat_engaged@2026-07-02,Converted,2026-06-30,2026-06-30,3,2026-07-11,2026-07-16,OPP-7001,,SDR - Fran Moretti
L-5007,2026-08-03,Cameron,Nash,cameron.nash@westfieldbaas.example,"SVP, Enterprise Risk",chief_risk_officer,Westfield BaaS,ACC-1109,sponsor_bank_baas,EMEA,770,Outbound - Clay Enrichment,,fraud,False,chat_engaged@2026-08-06|pricing_page_visit@2026-08-06|fraud_team_hiring@2026-08-15,Working,2026-08-04,2026-08-06,50,,,,,SDR - Gabi Souza
L-5008,2026-06-08,Rowan,Jessup,rowan.jessup@arborgames.example,Head of Fraud,head_of_fraud,Arbor Games,ACC-1353,gaming_prediction,MENA,863,Content Download,,fraud,False,new_product_launch@2026-06-14,Recycled,,,,,,,,Marketing Queue
L-5009,2026-01-11,Parker,Calloway,parkercalloway@gmail.example,"VP, Fraud Strategy",head_of_fraud,Westfield Payments,ACC-1255,payments_issuing,NA,12543,Event,,fraud,False,pricing_page_visit@2026-01-23|fraud_team_hiring@2026-01-24|sardinecon_attended@2026-01-28|champion_job_change@2026-01-16,Recycled,2026-01-11,2026-01-11,20,2026-01-23,,,,SDR - Fran Moretti
L-5010,2026-03-24,Morgan,Quill,morgan.quill@clearwaterwallet.example,"Director, Fraud Risk",head_of_fraud,Clearwater Wallet,ACC-1205,fintech_neobank,NA,1809,Paid Social,,compliance,False,,Recycled,,,,,,,,Marketing Queue
L-5011,2026-06-12,Hayden,Dunmore,hayden.dunmore@meridiancreditunion.example,"Director, Financial Crimes Compliance",bsa_aml_officer,Meridian Credit Union,ACC-1348,regional_bank_cu,NA,2057,Outbound - Unify Signals,,fraud,True,unify_website_visit@2026-06-13|unify_website_visit@2026-06-14,Disqualified,,,,,,,Not ICP,Marketing Queue
L-5012,2026-01-10,Sage,Ingram,sage.ingram@prairiefirststudio.example,Third-Party Risk Lead,blocker_procurement,Prairie First Studio,ACC-1070,other,LATAM,451,Webinar,,fraud,False,sardinecon_attended@2026-01-26,Disqualified,,,,,,,Not ICP,Marketing Queue
L-5013,2026-02-06,Emerson,Quill,emerson.quill@ironwoodexchange.example,Senior Fraud Analyst,fraud_ops_manager,Ironwood Exchange,ACC-1139,crypto,NA,2873,Paid Social,,compliance,False,fraud_team_hiring@2026-02-26|chat_engaged@2026-02-21,Recycled,2026-02-08,2026-02-08,2,,,,,SDR - Alex Rivera
L-5014,2026-05-10,Quinn,Brooks,quinn.brooks@tidewatercommerce.example,"VP, Fraud Strategy",head_of_fraud,Tidewater Commerce,ACC-1022,marketplace_commerce,EMEA,5673,Website Chat,,fraud,True,chat_engaged@2026-05-14,Recycled,,,,,,,,Marketing Queue
L-5015,2026-05-23,Quinn,Hollis,quinn.hollis@lakeshoreagency.example,Office Manager,unknown,Lakeshore Agency,ACC-1368,other,NA,442,Demo Request,,fraud,False,demo_request@2026-06-08|champion_job_change@2026-05-24,Disqualified,2026-05-26,2026-05-26,6,,,,Student/Job Seeker,SDR - Alex Rivera
L-5016,2026-06-03,Parker,Garrow,parker.garrow@cedarvalleybooks.example,Head of Fraud,head_of_fraud,Cedar Valley Books,ACC-1188,b2b_saas_payroll,NA,7007,Paid Social,,fraud,False,unify_website_visit@2026-06-17|sardinecon_attended@2026-06-21,Recycled,,,,,,,,Marketing Queue
L-5017,2026-01-09,Rowan,Jessup,rowan.jessup@sterlingissuing.example,Head of Risk Analytics,risk_data_science,Sterling Issuing,ACC-1119,payments_issuing,NA,12618,Event,,compliance,True,,Disqualified,,,,,,,Not ICP,Marketing Queue
L-5018,2026-09-28,Logan,Dunmore,logan.dunmore@tidewatercommerce.example,CISO,ciso_security,Tidewater Commerce,ACC-1022,marketplace_commerce,EMEA,5673,Outbound - Unify Signals,,fraud,True,sardinecon_attended@2026-10-01|competitor_renewal_window@2026-09-30,Enriching,,,,,,,,Marketing Queue
L-5019,2026-05-06,Skyler,Kestrel,skyler.kestrel@silverlinecard.example,"Head of Product, Onboarding",head_of_payments_product,Silverline Card,ACC-1222,fintech_neobank,NA,4196,Paid Social,,compliance,True,sardinecon_attended@2026-05-18,Converted,2026-05-06,2026-05-06,3,2026-05-15,2026-05-18,OPP-7002,,SDR - Gabi Souza
L-5020,2026-06-11,Quinn,Jessup,quinn.jessup@pinecrestcommunitybank.example,Fraud Operations Manager,fraud_ops_manager,Pinecrest Community Bank,ACC-1106,regional_bank_cu,NA,404,Outbound - Clay Enrichment,,compliance,False,chat_engaged@2026-06-13,Recycled,2026-06-13,2026-06-13,3,2026-06-18,,,,SDR - Fran Moretti
L-5021,2026-04-04,Casey,Dunmore,caseydunmore@gmail.example,"Director, Fraud Data Science",risk_data_science,Maple Leaf Payments,ACC-1153,payments_issuing,EMEA,17979,Website Chat,,compliance,False,chat_engaged@2026-04-21|competitor_renewal_window@2026-04-21|unify_website_visit@2026-04-07|regulatory_action@2026-04-07,Recycled,2026-04-07,2026-04-07,8,,,,,SDR - Gabi Souza
L-5022,2026-02-07,Emerson,Brooks,emerson.brooks@bayfrontsavingsbank.example,Chief Compliance Officer,bsa_aml_officer,Bayfront Savings Bank,ACC-1038,regional_bank_cu,NA,1045,Content Download,,fraud,True,regulatory_action@2026-02-11|chat_engaged@2026-02-17|chat_engaged@2026-02-08,Recycled,2026-02-10,2026-02-10,20,2026-02-15,,,,SDR - Bri Okafor
L-5023,2026-05-10,Jordan,Calloway,jordan.calloway@riverbendcustody.example,Senior Fraud Analyst,fraud_ops_manager,Riverbend Custody,ACC-1017,crypto,LATAM,1685,Paid Social,,compliance,True,new_product_launch@2026-05-25,Disqualified,,,,,,,Not ICP,Marketing Queue
L-5024,2026-07-19,Cameron,Sutter,cameron.sutter@pinecrestbanktrust.example,Chief Compliance Officer,bsa_aml_officer,Pinecrest Bank & Trust,ACC-1406,sponsor_bank_baas,NA,718,Event,,compliance,True,email_reply_positive@2026-08-03,Disqualified,2026-07-20,2026-07-20,1,,,,Not ICP,SDR - Eli Novak
L-5025,2026-05-04,Jamie,Ingram,jamie.ingram@bayfrontplay.example,AML Investigations Lead,fraud_ops_manager,Bayfront Play,ACC-1183,gaming_prediction,NA,1821,Webinar,,fraud,False,,Disqualified,,,,,,,Not ICP,Marketing Queue
L-5026,2026-04-05,Cameron,Sutter,cameron.sutter@silverlineprocessing.example,VP Payments,head_of_payments_product,Silverline Processing,ACC-1181,payments_issuing,MENA,16033,Content Download,,compliance,True,email_reply_positive@2026-04-16|fraud_team_hiring@2026-04-05,Disqualified,,,,,,,No Use Case,Marketing Queue
L-5027,2026-02-20,Sage,Pruitt,sagepruitt@gmail.example,"VP, Fraud Strategy",head_of_fraud,Copper State Card,ACC-1251,fintech_neobank,EMEA,468,Website Chat,,compliance,False,chat_engaged@2026-02-20,Recycled,,,,,,,,Marketing Queue
L-5028,2026-03-21,Rowan,Sutter,rowan.sutter@ironwoodstudio.example,Office Manager,unknown,Ironwood Studio,ACC-1030,other,NA,315,Webinar,,fraud,False,new_product_launch@2026-04-01|chat_engaged@2026-04-01,Disqualified,,,,,,,Not ICP,Marketing Queue
L-5029,2026-09-11,Blake,Thorne,blake.thorne@crescentconsulting.example,Model Risk Manager,blocker_procurement,Crescent Consulting,ACC-1405,other,EMEA,216,Event,,fraud,False,,Disqualified,,,,,,,Not ICP,Marketing Queue
L-5030,2026-03-11,Jordan,Fairbanks,jordan.fairbanks@arborpayroll.example,"Head of Product, Onboarding",head_of_payments_product,Arbor Payroll,ACC-1352,b2b_saas_payroll,APAC,3068,Webinar,,fraud,False,competitor_renewal_window@2026-03-29|content_download@2026-03-29,Recycled,,,,,,,,Marketing Queue
L-5031,2026-02-13,Morgan,Kestrel,morgan.kestrel@riverbendstudio.example,Marketing Coordinator,unknown,Riverbend Studio,ACC-1072,other,EMEA,209,Content Download,,fraud,False,sardinecon_attended@2026-02-18,Disqualified,,,,,,,Not ICP,Marketing Queue
L-5032,2026-01-29,Hayden,Pruitt,hayden.pruitt@lakeshoreagency.example,Student,unknown,Lakeshore Agency,ACC-1368,other,NA,442,Outbound - Unify Signals,,fraud,False,content_download@2026-02-03,Disqualified,,,,,,,Student/Job Seeker,Marketing Queue
L-5033,2026-02-11,Riley,Calloway,riley.calloway@unionsquaredigitalassets.example,Head of Fraud,head_of_fraud,Union Square Digital Assets,ACC-1083,crypto,EMEA,1212,Website Chat,,compliance,False,chat_engaged@2026-02-19,Recycled,,,,,,,,Marketing Queue
L-5034,2026-09-09,Kendall,Nash,kendall.nash@granitepeakpay.example,"Lead Data Scientist, Risk",risk_data_science,Granite Peak Pay,ACC-1173,fintech_neobank,NA,846,Website Chat,,compliance,False,chat_engaged@2026-09-14,New,,,,,,,,Marketing Queue
L-5035,2026-05-20,Rowan,Sutter,rowan.sutter@bluemesadigitalassets.example,Fraud Operations Manager,fraud_ops_manager,Blue Mesa Digital Assets,ACC-1369,crypto,EMEA,2052,Paid Social,,compliance,True,chat_engaged@2026-05-21,Recycled,2026-05-23,2026-05-23,2,2026-06-04,,,,SDR - Alex Rivera
L-5036,2026-06-03,Rowan,Pruitt,rowan.pruitt@harborviewcommunitybank.example,"VP, Fraud Strategy",head_of_fraud,Harborview Community Bank,ACC-1105,regional_bank_cu,NA,3016,Demo Request,,compliance,True,demo_request@2026-06-12,Converted,2026-06-06,2026-06-06,3,2026-06-14,2026-06-17,OPP-7003,,SDR - Dana Lopes
L-5037,2026-05-22,Morgan,Lowry,morgan.lowry@northgatesavingsbank.example,"Director, Fraud Risk",head_of_fraud,Northgate Savings Bank,ACC-1134,regional_bank_cu,NA,847,Website Chat,,compliance,False,chat_engaged@2026-05-25,Recycled,2026-05-25,2026-05-27,50,2026-06-06,,,,SDR - Bri Okafor
L-5038,2026-02-14,Kendall,Ellery,kendall.ellery@oakmontstudio.example,Student,unknown,Oakmont Studio,ACC-1243,other,NA,39,Outbound - Unify Signals,,fraud,False,competitor_renewal_window@2026-02-15|new_product_launch@2026-03-04|new_product_launch@2026-03-04,Disqualified,,,,,,,Not ICP,Marketing Queue
L-5039,2026-08-09,Morgan,Marlow,morgan.marlow@crescentmarket.example,Head of Fraud,head_of_fraud,Crescent Market,ACC-1064,marketplace_commerce,NA,9273,Demo Request,,fraud,False,demo_request@2026-08-15|champion_job_change@2026-08-13|fraud_team_hiring@2026-08-17|sardinecon_attended@2026-08-11,Recycled,,,,,,,,Marketing Queue
L-5040,2026-09-29,Casey,Ellery,casey.ellery@redwoodsports.example,Fraud Operations Manager,fraud_ops_manager,Redwood Sports,ACC-1402,gaming_prediction,NA,1550,Outbound - Unify Signals,,fraud,False,,New,,,,,,,,Marketing Queue
L-5041,2026-05-31,Parker,Brooks,parker.brooks@clearwaterbaas.example,BSA/AML Officer,bsa_aml_officer,Clearwater BaaS,ACC-1054,sponsor_bank_baas,EMEA,2605,Partner Referral,Sponsor bank referral,fraud,False,webinar_attended@2026-06-12|champion_job_change@2026-06-15|fraud_team_hiring@2026-06-19,Recycled,2026-06-02,2026-06-02,4,2026-06-11,,,,SDR - Chen Wu
L-5042,2026-06-13,Skyler,Ingram,skyler.ingram@riverbendmarket.example,Senior Fraud Analyst,fraud_ops_manager,Riverbend Market,ACC-1418,marketplace_commerce,NA,14033,Paid Social,,fraud,False,competitor_renewal_window@2026-06-16|unify_website_visit@2026-06-17|webinar_attended@2026-06-27,Disqualified,2026-06-16,2026-06-16,4,,,,Bad Data,SDR - Gabi Souza
L-5043,2026-09-25,Sage,Marlow,sage.marlow@falconcard.example,"VP, Fraud Strategy",head_of_fraud,Falcon Card,ACC-1191,fintech_neobank,EMEA,3876,Webinar,,compliance,False,,Working,2026-09-26,2026-09-26,1,,,,,SDR - Fran Moretti
L-5044,2026-07-12,Avery,Hollis,avery.hollis@arborpredict.example,Chief Compliance Officer,bsa_aml_officer,Arbor Predict,ACC-1101,gaming_prediction,MENA,1143,Outbound - Clay Enrichment,,fraud,True,champion_job_change@2026-07-15,Recycled,2026-07-15,2026-07-17,50,,,,,SDR - Fran Moretti
L-5045,2026-05-30,Taylor,Hollis,taylor.hollis@redwoodneo.example,"Director, Fraud Risk",head_of_fraud,Redwood Neo,ACC-1425,fintech_neobank,NA,912,Website Chat,,fraud,True,chat_engaged@2026-06-17,Recycled,,,,,,,,Marketing Queue
L-5046,2026-03-13,Reese,Ingram,reese.ingram@unionsquarebank.example,Head of Risk Analytics,risk_data_science,Union Square Bank,ACC-1004,tier1_bank,EMEA,97194,Webinar,,fraud,True,demo_request@2026-03-20|webinar_attended@2026-04-01,Recycled,2026-03-14,2026-03-15,30,2026-03-25,,,,SDR - Alex Rivera
L-5047,2026-07-15,Morgan,Kestrel,morgan.kestrel@unionsquarehr.example,Head of Trust & Safety,ciso_security,Union Square HR,ACC-1261,b2b_saas_payroll,EMEA,915,Partner Referral,Sponsor bank referral,fraud,False,chat_engaged@2026-07-30,Recycled,,,,,,,,Marketing Queue
L-5048,2026-03-22,Avery,Pruitt,avery.pruitt@riverbendsavingsbank.example,"VP, Fraud Strategy",head_of_fraud,Riverbend Savings Bank,ACC-1152,regional_bank_cu,NA,1099,Partner Referral,Modulr,fraud,False,email_reply_positive@2026-04-10|content_download@2026-04-01|champion_job_change@2026-03-26,Converted,2026-03-22,2026-03-22,4,2026-04-04,2026-04-08,OPP-7004,,SDR - Fran Moretti
L-5049,2026-06-07,Drew,Rourke,drew.rourke@bayfrontplay.example,AML Investigations Lead,fraud_ops_manager,Bayfront Play,ACC-1183,gaming_prediction,NA,1821,Webinar,,fraud,False,new_product_launch@2026-06-12|webinar_attended@2026-06-10|regulatory_action@2026-06-11,Recycled,,,,,,,,Marketing Queue
L-5050,2026-08-08,Emerson,Dunmore,emerson.dunmore@pinecrestsavingsbank.example,Chief Risk Officer,chief_risk_officer,Pinecrest Savings Bank,ACC-1114,regional_bank_cu,NA,253,Event,,compliance,False,fraud_team_hiring@2026-08-17,Converted,2026-08-09,2026-08-11,50,2026-08-23,2026-08-25,OPP-7005,,SDR - Bri Okafor
L-5051,2026-08-02,Quinn,Calloway,quinn.calloway@stonebridgepayments.example,Head of Risk Analytics,risk_data_science,Stonebridge Payments,ACC-1102,payments_issuing,NA,14244,Outbound - Clay Enrichment,,compliance,True,,Working,2026-08-02,2026-08-02,1,,,,,SDR - Eli Novak
L-5052,2026-09-12,Hayden,Marlow,hayden.marlow@riverbendprocessing.example,"Director, Card Products",head_of_payments_product,Riverbend Processing,ACC-1391,payments_issuing,NA,2790,Demo Request,,compliance,False,demo_request@2026-10-01,Working,2026-09-13,2026-09-13,8,,,,,SDR - Bri Okafor
L-5053,2026-05-12,Rowan,Quill,rowan.quill@sterlingcommerce.example,"Director, Fraud Risk",head_of_fraud,Sterling Commerce,ACC-1009,marketplace_commerce,MENA,14113,Content Download,,fraud,False,sardinecon_attended@2026-05-21|pricing_page_visit@2026-05-15,Recycled,,,,,,,,Marketing Queue
L-5054,2026-09-30,Skyler,Pruitt,skyler.pruitt@keystonedepartment.example,Third-Party Risk Lead,blocker_procurement,Keystone Department,ACC-1266,public_sector,NA,37342,Event,,fraud,False,champion_job_change@2026-10-01,New,,,,,,,,Marketing Queue
L-5055,2026-04-29,Sage,Fairbanks,sage.fairbanks@sterlingcommerce.example,Head of Trust & Safety,ciso_security,Sterling Commerce,ACC-1009,marketplace_commerce,MENA,14113,Webinar,,fraud,False,demo_request@2026-05-17,Recycled,,,,,,,,Marketing Queue
L-5056,2026-01-29,Hayden,Orwell,hayden.orwell@sterlingdepartment.example,Chief Risk Officer,chief_risk_officer,Sterling Department,ACC-1319,public_sector,NA,34749,Demo Request,,fraud,False,demo_request@2026-01-30|competitor_renewal_window@2026-02-01,Recycled,,,,,,,,Marketing Queue
L-5057,2026-02-25,Sage,Thorne,sage.thorne@mapleleafsavingsbank.example,Fraud Operations Manager,fraud_ops_manager,Maple Leaf Savings Bank,ACC-1154,regional_bank_cu,NA,4233,Partner Referral,Sponsor bank referral,compliance,False,competitor_renewal_window@2026-03-01|content_download@2026-02-28,Disqualified,,,,,,,No Use Case,Marketing Queue
L-5058,2026-08-02,Blake,Pruitt,blake.pruitt@bayfrontplay.example,Fraud Operations Manager,fraud_ops_manager,Bayfront Play,ACC-1183,gaming_prediction,,1821,Paid Social,,fraud,False,,Recycled,,,,,,,,Marketing Queue
L-5059,2026-03-22,Jamie,Orwell,jamie.orwell@meridiantickets.example,"Head of Product, Onboarding",head_of_payments_product,Meridian Tickets,ACC-1056,marketplace_commerce,NA,14677,Demo Request,,fraud,True,demo_request@2026-03-25|webinar_attended@2026-04-11,Disqualified,2026-03-22,2026-03-22,3,,,,Student/Job Seeker,SDR - Dana Lopes
L-5060,2026-02-22,Quinn,Kestrel,quinn.kestrel@redwoodissuing.example,Head of Fraud,head_of_fraud,Redwood Issuing,ACC-1378,payments_issuing,NA,7725,Website Chat,,fraud,True,chat_engaged@2026-03-14,Recycled,,,,,,,,Marketing Queue
L-5061,2026-07-28,Hayden,Fairbanks,hayden.fairbanks@mapleleafshop.example,"Head of Product, Onboarding",head_of_payments_product,Maple Leaf Shop,ACC-1058,marketplace_commerce,NA,14979,Outbound - Clay Enrichment,,fraud,False,content_download@2026-08-12,Disqualified,2026-07-29,2026-07-29,2,,,,Duplicate,SDR - Bri Okafor
L-5062,2026-07-07,Emerson,Brooks,emerson.brooks@mapleleafmoney.example,Senior Fraud Analyst,fraud_ops_manager,Maple Leaf Money,ACC-1312,fintech_neobank,NA,4796,Website Chat,,compliance,True,chat_engaged@2026-07-11|regulatory_action@2026-07-22|chat_engaged@2026-07-20,Recycled,2026-07-08,2026-07-08,8,2026-07-21,,,,SDR - Fran Moretti
L-5063,2026-07-01,Blake,Thorne,blake.thorne@tidewaterbaas.example,Fraud Operations Manager,fraud_ops_manager,Tidewater BaaS,ACC-1127,sponsor_bank_baas,NA,986,Outbound - Unify Signals,,compliance,False,,Recycled,,,,,,,,Marketing Queue
L-5064,2026-06-18,Sage,Hollis,sage.hollis@bayfrontsavingsbank.example,Senior Fraud Analyst,fraud_ops_manager,Bayfront Savings Bank,ACC-1038,regional_bank_cu,NA,1045,Content Download,,compliance,True,webinar_attended@2026-06-19,Converted,2026-06-21,2026-06-22,30,2026-07-01,2026-07-01,OPP-7006,,SDR - Fran Moretti
L-5065,2026-07-30,Blake,Alder,blake.alder@sterlingcommerce.example,"Director, Fraud Risk",head_of_fraud,Sterling Commerce,ACC-1009,marketplace_commerce,MENA,14113,Outbound - Unify Signals,,fraud,False,,Disqualified,,,,,,,Competitor,Marketing Queue
L-5066,2026-06-28,Kendall,Pruitt,kendall.pruitt@prairiefirstbooks.example,"Head of Product, Onboarding",head_of_payments_product,Prairie First Books,ACC-1343,b2b_saas_payroll,NA,9595,Event,,fraud,False,unify_website_visit@2026-07-12|sardinecon_attended@2026-07-15|email_reply_positive@2026-07-17,Recycled,2026-06-28,2026-06-28,4,2026-07-05,,,,SDR - Eli Novak
L-5067,2026-02-28,Kendall,Garrow,kendall.garrow@silverlinepayroll.example,VP Payments,head_of_payments_product,Silverline Payroll,ACC-1267,b2b_saas_payroll,EMEA,4669,Website Chat,,fraud,False,chat_engaged@2026-03-04|competitor_renewal_window@2026-03-13|chat_engaged@2026-03-08,Recycled,2026-03-03,2026-03-03,4,,,,,SDR - Fran Moretti
L-5068,2026-03-09,Casey,Pruitt,caseypruitt@gmail.example,Vendor Risk Manager,blocker_procurement,Tidewater Community Bank,ACC-1428,regional_bank_cu,NA,2807,Outbound - Clay Enrichment,,fraud,False,fraud_team_hiring@2026-03-25,Recycled,,,,,,,,Marketing Queue
L-5069,2026-03-11,Skyler,Quill,skyler.quill@redwoodnationalbank.example,"SVP, Enterprise Risk",chief_risk_officer,Redwood National Bank,ACC-1354,sponsor_bank_baas,LATAM,137,Demo Request,,compliance,True,demo_request@2026-03-30,Converted,2026-03-13,2026-03-13,6,2026-03-17,2026-03-21,OPP-7007,,SDR - Gabi Souza
L-5070,2026-06-14,Cameron,Ellery,cameron.ellery@crescentcommunitybank.example,Third-Party Risk Lead,blocker_procurement,Crescent Community Bank,ACC-1359,regional_bank_cu,NA,1663,Partner Referral,Modulr,compliance,False,fraud_team_hiring@2026-06-23,Disqualified,,,,,,,No Use Case,Marketing Queue
L-5071,2026-08-06,Casey,Brooks,casey.brooks@evergreenissuing.example,"SVP, Enterprise Risk",chief_risk_officer,Evergreen Issuing,ACC-1287,payments_issuing,NA,6321,Partner Referral,Sponsor bank referral,compliance,False,content_download@2026-08-06|new_product_launch@2026-08-09|demo_request@2026-08-18,Disqualified,,,,,,,Not ICP,Marketing Queue
L-5072,2026-01-21,Blake,Marlow,blake.marlow@meridianneo.example,"Director, Fraud Data Science",risk_data_science,Meridian Neo,ACC-1104,fintech_neobank,NA,3493,Event,,fraud,True,chat_engaged@2026-02-09|champion_job_change@2026-02-07|unify_website_visit@2026-02-10,Recycled,,,,,,,,Marketing Queue
L-5073,2026-02-01,Jamie,Lowry,jamie.lowry@redwoodbaas.example,"Director, Fraud Risk",head_of_fraud,Redwood BaaS,ACC-1403,sponsor_bank_baas,NA,2320,Website Chat,,compliance,False,chat_engaged@2026-02-20|email_reply_positive@2026-02-15,Disqualified,,,,,,,No Use Case,Marketing Queue
L-5074,2026-04-03,Blake,Ingram,blake.ingram@bayfrontsavingsbank.example,"Director, Fraud Risk",head_of_fraud,Bayfront Savings Bank,ACC-1038,regional_bank_cu,NA,1045,Partner Referral,Helix by Q2,fraud,True,content_download@2026-04-11,Converted,2026-04-06,2026-04-06,3,2026-04-22,2026-04-22,OPP-7008,,SDR - Eli Novak
L-5075,2026-06-08,Sage,Hollis,sage.hollis@keystoneexchange.example,AML Investigations Lead,fraud_ops_manager,Keystone Exchange,ACC-1431,crypto,NA,3917,Outbound - Clay Enrichment,,compliance,True,new_product_launch@2026-06-19|chat_engaged@2026-06-18,Recycled,2026-06-11,2026-06-11,2,,,,,SDR - Chen Wu
L-5076,2026-09-05,Cameron,Orwell,cameron.orwell@crescentpay.example,"Head of Product, Onboarding",head_of_payments_product,Crescent Pay,ACC-1150,fintech_neobank,LATAM,2741,Partner Referral,Helix by Q2,compliance,True,,New,,,,,,,,Marketing Queue
L-5077,2026-07-21,Sage,Lowry,sage.lowry@oakmontwallet.example,"Director, Fraud Risk",head_of_fraud,Oakmont Wallet,ACC-1195,fintech_neobank,NA,557,Paid Social,,fraud,False,webinar_attended@2026-07-21,Recycled,2026-07-22,2026-07-22,8,,,,,SDR - Eli Novak
L-5078,2026-02-07,Riley,Garrow,riley.garrow@copperstatehr.example,CISO,ciso_security,Copper State HR,ACC-1003,b2b_saas_payroll,NA,4757,Content Download,,fraud,False,email_reply_positive@2026-02-13|champion_job_change@2026-02-20,Disqualified,,,,,,,Competitor,Marketing Queue
L-5079,2026-01-17,Quinn,Ingram,quinn.ingram@lakeshorepay.example,"Head of Product, Onboarding",head_of_payments_product,Lakeshore Pay,ACC-1382,fintech_neobank,NA,2409,Outbound - Clay Enrichment,,compliance,True,demo_request@2026-01-19|chat_engaged@2026-01-18,Recycled,,,,,,,,Marketing Queue
L-5080,2026-01-13,Morgan,Sutter,morgan.sutter@falconshop.example,Senior Fraud Analyst,fraud_ops_manager,Falcon Shop,ACC-1221,marketplace_commerce,LATAM,11913,Outbound - Unify Signals,,fraud,True,new_product_launch@2026-01-13|champion_job_change@2026-02-01,Recycled,,,,,,,,Marketing Queue
L-5081,2026-02-18,Parker,Fairbanks,parker.fairbanks@mapleleafsavingsbank.example,Vendor Risk Manager,blocker_procurement,Maple Leaf Savings Bank,ACC-1154,regional_bank_cu,NA,4233,Paid Social,,fraud,False,regulatory_action@2026-03-02|content_download@2026-02-18,Disqualified,,,,,,,No Use Case,Marketing Queue
L-5082,2026-01-10,Avery,Sutter,avery.sutter@riverbendsavingsbank.example,Chief Risk Officer,chief_risk_officer,Riverbend Savings Bank,ACC-1152,regional_bank_cu,NA,1099,Partner Referral,Modulr,compliance,False,,Recycled,2026-01-12,2026-01-12,4,2026-01-24,,,,SDR - Bri Okafor
L-5083,2026-04-14,Jordan,Rourke,jordan.rourke@lakeshorewallet.example,"Director, Financial Crimes Compliance",bsa_aml_officer,Lakeshore Wallet,ACC-1315,fintech_neobank,NA,288,Demo Request,,fraud,False,demo_request@2026-05-02,Recycled,,,,,,,,Marketing Queue
L-5084,2026-07-06,Morgan,Garrow,morgan.garrow@clearwaterplay.example,"Director, Financial Crimes Compliance",bsa_aml_officer,Clearwater Play,ACC-1249,gaming_prediction,MENA,222,Webinar,,fraud,False,unify_website_visit@2026-07-09|webinar_attended@2026-07-25,Recycled,,,,,,,,Marketing Queue
L-5085,2026-06-15,Skyler,Hollis,skyler.hollis@evergreenwallet.example,Chief Compliance Officer,bsa_aml_officer,Evergreen Wallet,ACC-1290,fintech_neobank,EMEA,1405,Outbound - Unify Signals,,fraud,False,,Disqualified,2026-06-17,2026-06-17,3,,,,Existing Open Opp,SDR - Gabi Souza
L-5086,2026-03-01,Taylor,Ingram,taylor.ingram@pinecresthr.example,"Director, Card Products",head_of_payments_product,Pinecrest HR,ACC-1156,b2b_saas_payroll,EMEA,5291,Webinar,,fraud,False,chat_engaged@2026-03-09|pricing_page_visit@2026-03-18,Disqualified,,,,,,,Competitor,Marketing Queue
L-5087,2026-04-23,Casey,Lowry,casey.lowry@prairiefirstnationalbank.example,Senior Fraud Analyst,fraud_ops_manager,Prairie First National Bank,ACC-1296,sponsor_bank_baas,NA,1241,Website Chat,,fraud,True,chat_engaged@2026-05-10|regulatory_action@2026-05-13,Recycled,2026-04-23,2026-04-23,20,2026-04-25,,,,SDR - Fran Moretti
L-5088,2026-08-21,Logan,Ellery,logan.ellery@oakmontmarket.example,CISO,ciso_security,Oakmont Market,ACC-1084,marketplace_commerce,EMEA,12406,Webinar,,fraud,False,,Recycled,,,,,,,,Marketing Queue
L-5089,2026-05-04,Emerson,Brooks,emerson.brooks@sterlingfederalcu.example,"SVP, Enterprise Risk",chief_risk_officer,Sterling Federal CU,ACC-1135,regional_bank_cu,NA,1998,Website Chat,,compliance,False,chat_engaged@2026-05-15|content_download@2026-05-19,Recycled,,,,,,,,Marketing Queue
L-5090,2026-07-16,Sage,Ingram,sage.ingram@prairiefirstnationalbank.example,Chief Risk Officer,chief_risk_officer,Prairie First National Bank,ACC-1296,sponsor_bank_baas,NA,1241,Outbound - Unify Signals,,fraud,True,champion_job_change@2026-07-18,Recycled,2026-07-18,2026-07-19,30,,,,,SDR - Dana Lopes
L-5091,2026-02-13,Cameron,Thorne,cameron.thorne@oakmontmarket.example,CISO,ciso_security,Oakmont Market,ACC-1084,marketplace_commerce,EMEA,12406,Partner Referral,Sponsor bank referral,fraud,False,pricing_page_visit@2026-02-18,Disqualified,2026-02-15,2026-02-15,2,,,,Existing Open Opp,SDR - Fran Moretti
L-5092,2026-01-16,Logan,Sutter,logan.sutter@sterlingstudio.example,Student,unknown,Sterling Studio,ACC-1426,other,NA,49,Content Download,,fraud,False,,Disqualified,,,,,,,Bad Data,Marketing Queue
L-5093,2026-09-26,Morgan,Garrow,morgan.garrow@summitridgecard.example,VP Payments,head_of_payments_product,Summit Ridge Card,ACC-1132,fintech_neobank,APAC,3953,Outbound - Unify Signals,,fraud,True,fraud_team_hiring@2026-10-01|demo_request@2026-10-01,Working,2026-09-29,2026-09-29,3,,,,,SDR - Eli Novak
L-5094,2026-03-31,Casey,Dunmore,caseydunmore@gmail.example,"Director, Fraud Risk",head_of_fraud,Highland Bank & Trust,ACC-1337,sponsor_bank_baas,NA,2604,Event,,fraud,False,fraud_team_hiring@2026-04-18|chat_engaged@2026-04-07|content_download@2026-04-12,Disqualified,,,,,,,Not ICP,Marketing Queue
L-5095,2026-09-19,Kendall,Rourke,kendall.rourke@oakmontcommunitybank.example,Chief Compliance Officer,bsa_aml_officer,Oakmont Community Bank,ACC-1307,regional_bank_cu,NA,3836,Demo Request,,fraud,False,demo_request@2026-09-23,Working,2026-09-21,2026-09-21,1,,,,,SDR - Gabi Souza
L-5096,2026-07-03,Jamie,Calloway,jamie.calloway@bayfrontcommunitybank.example,AML Investigations Lead,fraud_ops_manager,Bayfront Community Bank,ACC-1393,regional_bank_cu,NA,746,Demo Request,,fraud,True,demo_request@2026-07-18,Recycled,2026-07-03,2026-07-03,1,,,,,SDR - Fran Moretti
L-5097,2026-08-02,Hayden,Sutter,hayden.sutter@harborviewcommunitybank.example,Chief Risk Officer,chief_risk_officer,Harborview Community Bank,ACC-1105,regional_bank_cu,NA,3016,Event,,fraud,True,,Disqualified,,,,,,,Competitor,Marketing Queue
L-5098,2026-09-09,Drew,Jessup,drew.jessup@mapleleafcreditunion.example,Model Risk Manager,blocker_procurement,Maple Leaf Credit Union,ACC-1211,regional_bank_cu,NA,505,Webinar,,fraud,False,new_product_launch@2026-09-24,New,,,,,,,,Marketing Queue
L-5099,2026-05-02,Rowan,Kestrel,rowan.kestrel@pinecrestbooks.example,Head of Trust & Safety,ciso_security,Pinecrest Books,ACC-1060,b2b_saas_payroll,NA,7439,Outbound - Clay Enrichment,,fraud,False,pricing_page_visit@2026-05-05|unify_website_visit@2026-05-18,Recycled,,,,,,,,Marketing Queue
L-5100,2026-03-20,Morgan,Thorne,morgan.thorne@mapleleafwallet.example,"VP, Fraud Strategy",head_of_fraud,Maple Leaf Wallet,ACC-1002,fintech_neobank,NA,1668,Outbound - Clay Enrichment,,fraud,False,content_download@2026-03-22|chat_engaged@2026-03-28|unify_website_visit@2026-03-31,Recycled,2026-03-22,2026-03-22,1,,,,,SDR - Alex Rivera
L-5101,2026-04-14,Kendall,Fairbanks,kendall.fairbanks@summitridgemerchantservices.example,"Director, Fraud Data Science",risk_data_science,Summit Ridge Merchant Services,ACC-1103,payments_issuing,NA,7135,Website Chat,,compliance,False,chat_engaged@2026-04-30|competitor_renewal_window@2026-04-21,Recycled,,,,,,,,Marketing Queue
L-5102,2026-07-31,Morgan,Rourke,morgan.rourke@prairiefirstsavingsbank.example,AML Investigations Lead,fraud_ops_manager,Prairie First Savings Bank,ACC-1180,regional_bank_cu,NA,3625,Content Download,,fraud,False,competitor_renewal_window@2026-08-02,Recycled,2026-08-02,2026-08-02,4,,,,,SDR - Eli Novak
L-5103,2026-04-04,Sage,Jessup,sage.jessup@mapleleafwallet.example,Chief Compliance Officer,bsa_aml_officer,Maple Leaf Wallet,ACC-1002,fintech_neobank,NA,1668,Outbound - Unify Signals,,fraud,False,new_product_launch@2026-04-06,Disqualified,,,,,,,Competitor,Marketing Queue
L-5104,2026-09-09,Logan,Alder,logan.alder@prairiefirstgames.example,Fraud Operations Manager,fraud_ops_manager,Prairie First Games,ACC-1193,gaming_prediction,EMEA,78,Content Download,,fraud,False,email_reply_positive@2026-09-23|champion_job_change@2026-09-23,New,,,,,,,,Marketing Queue
L-5105,2026-05-02,Blake,Alder,blake.alder@lakeshorehr.example,Head of Trust & Safety,ciso_security,Lakeshore HR,ACC-1346,b2b_saas_payroll,LATAM,4642,Event,,fraud,False,sardinecon_attended@2026-05-18,Converted,2026-05-05,2026-05-05,8,2026-05-21,2026-05-23,OPP-7009,,SDR - Chen Wu
L-5106,2026-04-12,Jamie,Garrow,jamie.garrow@clearwaterbooks.example,Head of Trust & Safety,ciso_security,Clearwater Books,ACC-1093,b2b_saas_payroll,EMEA,8740,Outbound - Clay Enrichment,,fraud,False,unify_website_visit@2026-04-19|webinar_attended@2026-04-18,Disqualified,,,,,,,Not ICP,Marketing Queue
L-5107,2026-01-08,Parker,Fairbanks,parker.fairbanks@tidewaterchain.example,Head of Fraud,head_of_fraud,Tidewater Chain,ACC-1339,crypto,MENA,2009,Partner Referral,Helix by Q2,fraud,False,sardinecon_attended@2026-01-27|sardinecon_attended@2026-01-23|fraud_team_hiring@2026-01-16,Disqualified,2026-01-09,2026-01-09,1,,,,Existing Open Opp,SDR - Eli Novak
L-5108,2026-04-04,Rowan,Sutter,rowan.sutter@falconfederalcu.example,Fraud Operations Manager,fraud_ops_manager,Falcon Federal CU,ACC-1177,regional_bank_cu,NA,2122,Outbound - Clay Enrichment,,fraud,False,competitor_renewal_window@2026-04-20|regulatory_action@2026-04-14|competitor_renewal_window@2026-04-04|demo_request@2026-04-10,Converted,2026-04-06,2026-04-06,4,2026-04-17,2026-04-18,OPP-7010,,SDR - Dana Lopes
L-5109,2026-07-10,Casey,Sutter,casey.sutter@meridiandepartment.example,"Director, Information Security",ciso_security,Meridian Department,ACC-1358,public_sector,NA,29029,Outbound - Unify Signals,,fraud,False,pricing_page_visit@2026-07-28,Disqualified,,,,,,,Competitor,Marketing Queue
L-5110,2026-03-22,Blake,Kestrel,blake.kestrel@oakmontfinancialgroup.example,"Director, Financial Crimes Compliance",bsa_aml_officer,Oakmont Financial Group,ACC-1100,tier1_bank,EMEA,113989,Outbound - Clay Enrichment,,compliance,False,pricing_page_visit@2026-04-04|regulatory_action@2026-03-26|champion_job_change@2026-04-07,Converted,2026-03-23,2026-03-23,1,2026-03-29,2026-04-03,OPP-7011,,SDR - Chen Wu
L-5111,2026-07-08,Cameron,Thorne,cameron.thorne@keystonecommunitybank.example,"SVP, Enterprise Risk",chief_risk_officer,Keystone Community Bank,ACC-1133,regional_bank_cu,NA,4876,Partner Referral,Sponsor bank referral,compliance,False,content_download@2026-07-11,Recycled,,,,,,,,Marketing Queue
L-5112,2026-08-21,Casey,Fairbanks,casey.fairbanks@granitepeakdigitalassets.example,Fraud Operations Manager,fraud_ops_manager,Granite Peak Digital Assets,ACC-1396,crypto,NA,1030,Demo Request,,fraud,False,demo_request@2026-09-04,Recycled,,,,,,,,Marketing Queue
L-5113,2026-06-29,Drew,Thorne,drew.thorne@cedarvalleydepartment.example,"SVP, Enterprise Risk",chief_risk_officer,Cedar Valley Department,ACC-1040,public_sector,NA,37066,Content Download,,fraud,True,champion_job_change@2026-07-08,Disqualified,,,,,,,No Use Case,Marketing Queue
L-5114,2026-04-09,Morgan,Garrow,morgan.garrow@mapleleafcreditunion.example,"VP, Fraud Strategy",head_of_fraud,Maple Leaf Credit Union,ACC-1211,regional_bank_cu,NA,505,Website Chat,,compliance,False,chat_engaged@2026-04-17,Recycled,,,,,,,,Marketing Queue
L-5115,2026-02-27,Jamie,Hollis,jamie.hollis@clearwatercustody.example,Chief Compliance Officer,bsa_aml_officer,Clearwater Custody,ACC-1268,crypto,NA,3779,Paid Social,,compliance,True,chat_engaged@2026-03-19|content_download@2026-03-08,Recycled,2026-02-28,2026-02-28,1,2026-03-07,,,,SDR - Dana Lopes
L-5116,2026-08-20,Logan,Nash,logan.nash@unionsquareissuing.example,Head of Risk Analytics,risk_data_science,Union Square Issuing,ACC-1445,payments_issuing,NA,3431,Webinar,,fraud,True,competitor_renewal_window@2026-09-06|pricing_page_visit@2026-09-07|fraud_team_hiring@2026-09-03|champion_job_change@2026-09-09,Recycled,,,,,,,,Marketing Queue
L-5117,2026-07-11,Avery,Quill,avery.quill@northgatepayments.example,"Director, Fraud Data Science",risk_data_science,Northgate Payments,ACC-1226,payments_issuing,,17582,Outbound - Unify Signals,,fraud,True,webinar_attended@2026-07-11,Disqualified,2026-07-11,2026-07-12,30,,,,Student/Job Seeker,SDR - Gabi Souza
L-5118,2026-01-08,Blake,Nash,blake.nash@clearwaterissuing.example,"Director, Card Products",head_of_payments_product,Clearwater Issuing,ACC-1149,payments_issuing,MENA,15601,Partner Referral,Sponsor bank referral,fraud,True,,Recycled,,,,,,,,Marketing Queue
L-5119,2026-05-24,Morgan,Fairbanks,morgan.fairbanks@lakeshoreexchange.example,Fraud Operations Manager,fraud_ops_manager,Lakeshore Exchange,ACC-1122,crypto,NA,1714,Paid Social,,fraud,False,new_product_launch@2026-06-01|content_download@2026-05-30,Recycled,,,,,,,,Marketing Queue
L-5120,2026-03-23,Avery,Hollis,,"VP, Fraud Strategy",head_of_fraud,Tidewater Wallet,ACC-1164,fintech_neobank,NA,2676,Website Chat,,compliance,False,chat_engaged@2026-03-28|chat_engaged@2026-04-01|webinar_attended@2026-03-27|competitor_renewal_window@2026-04-06,Disqualified,2026-03-25,2026-03-26,30,,,,Bad Data,SDR - Alex Rivera
L-5121,2026-02-02,Taylor,Ingram,taylor.ingram@keystoneexchange.example,Chief Compliance Officer,bsa_aml_officer,Keystone Exchange,ACC-1431,crypto,NA,3917,Paid Social,,compliance,True,chat_engaged@2026-02-19|regulatory_action@2026-02-07,Disqualified,,,,,,,No Use Case,Marketing Queue
L-5122,2026-04-16,Parker,Marlow,parker.marlow@evergreencard.example,Head of Fraud,head_of_fraud,Evergreen Card,ACC-1126,fintech_neobank,NA,1928,Outbound - Clay Enrichment,,fraud,True,chat_engaged@2026-05-02|champion_job_change@2026-04-22,Disqualified,2026-04-16,2026-04-18,50,,,,Existing Open Opp,SDR - Chen Wu
L-5123,2026-04-26,Avery,Fairbanks,avery.fairbanks@westfieldbooks.example,"Director, Information Security",ciso_security,Westfield Books,ACC-1026,b2b_saas_payroll,NA,2032,Demo Request,,fraud,False,demo_request@2026-05-06,Disqualified,2026-04-27,2026-04-27,1,,,,Bad Data,SDR - Gabi Souza
L-5124,2026-03-26,Kendall,Kestrel,kendall.kestrel@redwoodcommunitybank.example,"VP, Fraud Strategy",head_of_fraud,Redwood Community Bank,ACC-1045,regional_bank_cu,NA,2719,Outbound - Clay Enrichment,,compliance,True,,Recycled,2026-03-27,2026-03-29,50,,,,,SDR - Eli Novak
L-5125,2026-08-17,Rowan,Lowry,rowan.lowry@redwoodbaas.example,"VP, Fraud Strategy",head_of_fraud,Redwood BaaS,ACC-1403,sponsor_bank_baas,NA,2320,Content Download,,compliance,False,,Converted,2026-08-20,2026-08-22,50,2026-09-04,2026-09-08,OPP-7012,,SDR - Chen Wu
L-5126,2026-05-25,Casey,Orwell,casey.orwell@ironwooddigitalassets.example,Head of Fraud,head_of_fraud,Ironwood Digital Assets,ACC-1374,crypto,EMEA,3037,Partner Referral,Modulr,fraud,False,,Disqualified,,,,,,,Competitor,Marketing Queue
L-5127,2026-05-07,Sage,Pruitt,sage.pruitt@sterlingcommerce.example,Fraud Operations Manager,fraud_ops_manager,Sterling Commerce,ACC-1009,marketplace_commerce,MENA,14113,Event,,fraud,False,champion_job_change@2026-05-24|content_download@2026-05-13,Recycled,2026-05-10,2026-05-10,8,2026-05-20,,,,SDR - Bri Okafor
L-5128,2026-04-18,Logan,Marlow,logan.marlow@prairiefirstmarket.example,"Director, Fraud Risk",head_of_fraud,Prairie First Market,ACC-1447,marketplace_commerce,NA,4940,Demo Request,,fraud,False,demo_request@2026-04-19,Recycled,,,,,,,,Marketing Queue
L-5129,2026-01-11,Jordan,Lowry,jordan.lowry@stonebridgecommunitybank.example,BSA/AML Officer,bsa_aml_officer,Stonebridge Community Bank,ACC-1367,regional_bank_cu,NA,655,Content Download,,fraud,False,chat_engaged@2026-01-25|email_reply_positive@2026-01-31,Converted,2026-01-11,2026-01-11,6,2026-01-24,2026-01-26,OPP-7013,,SDR - Eli Novak
L-5130,2026-05-03,Sage,Hollis,sage.hollis@copperstatecommerce.example,"Director, Fraud Risk",head_of_fraud,Copper State Commerce,ACC-1049,marketplace_commerce,APAC,3446,Partner Referral,SI partner,fraud,False,,Recycled,,,,,,,,Marketing Queue
L-5131,2026-08-27,Quinn,Rourke,quinn.rourke@prairiefirstcollective.example,Consultant,unknown,Prairie First Collective,ACC-1295,other,EMEA,298,Outbound - Unify Signals,,fraud,False,pricing_page_visit@2026-09-01|new_product_launch@2026-09-08|new_product_launch@2026-09-06,Disqualified,,,,,,,Student/Job Seeker,Marketing Queue
L-5132,2026-08-04,Rowan,Rourke,rowan.rourke@westfieldtickets.example,Senior Fraud Analyst,fraud_ops_manager,Westfield Tickets,ACC-1432,marketplace_commerce,NA,2319,Outbound - Unify Signals,,fraud,False,sardinecon_attended@2026-08-23|unify_website_visit@2026-08-22|new_product_launch@2026-08-10,Recycled,,,,,,,,Marketing Queue
L-5133,2026-01-13,Blake,Quill,blake.quill@riverbendcustody.example,"VP, Fraud Strategy",head_of_fraud,Riverbend Custody,ACC-1017,crypto,LATAM,1685,Partner Referral,Modulr,compliance,True,webinar_attended@2026-01-13|webinar_attended@2026-01-20|unify_website_visit@2026-01-23|demo_request@2026-01-21,Converted,2026-01-16,2026-01-16,8,2026-01-22,2026-01-26,OPP-7014,,SDR - Gabi Souza
L-5134,2026-07-28,Quinn,Pruitt,quinn.pruitt@mapleleafpayments.example,"VP, Fraud Strategy",head_of_fraud,Maple Leaf Payments,ACC-1153,payments_issuing,EMEA,17979,Content Download,,compliance,False,competitor_renewal_window@2026-08-07|email_reply_positive@2026-08-12,Disqualified,2026-07-30,2026-07-30,1,,,,Not ICP,SDR - Chen Wu
L-5135,2026-08-06,Rowan,Brooks,rowan.brooks@riverbendmarket.example,VP Payments,head_of_payments_product,Riverbend Market,ACC-1418,marketplace_commerce,NA,14033,Demo Request,,fraud,False,demo_request@2026-08-26|fraud_team_hiring@2026-08-06|champion_job_change@2026-08-26,Recycled,,,,,,,,Marketing Queue
L-5136,2026-07-25,Hayden,Jessup,hayden.jessup@crescentmerchantservices.example,Head of Fraud,head_of_fraud,Crescent Merchant Services,ACC-1078,payments_issuing,EMEA,4283,Outbound - Clay Enrichment,,fraud,False,fraud_team_hiring@2026-08-10|chat_engaged@2026-08-01,Converted,2026-07-25,2026-07-27,50,2026-07-30,2026-08-02,OPP-7015,,SDR - Gabi Souza
L-5137,2026-04-16,Blake,Thorne,blake.thorne@falcondepartment.example,"Director, Information Security",ciso_security,Falcon Department,ACC-1069,public_sector,NA,15577,Outbound - Clay Enrichment,,fraud,False,fraud_team_hiring@2026-04-22,Recycled,2026-04-18,2026-04-18,20,,,,,SDR - Dana Lopes
L-5138,2026-04-12,Reese,Fairbanks,reese.fairbanks@unionsquarefederalcu.example,Chief Risk Officer,chief_risk_officer,Union Square Federal CU,ACC-1187,regional_bank_cu,NA,423,Event,,fraud,False,champion_job_change@2026-04-12,Recycled,,,,,,,,Marketing Queue
L-5139,2026-03-25,Kendall,Ellery,kendall.ellery@stonebridgepayments.example,"Lead Data Scientist, Risk",risk_data_science,Stonebridge Payments,ACC-1102,payments_issuing,NA,14244,Demo Request,,compliance,True,demo_request@2026-04-01,Recycled,2026-03-25,2026-03-25,6,,,,,SDR - Eli Novak
L-5140,2026-09-29,Avery,Marlow,avery.marlow@lakeshorefederalcu.example,Head of Fraud,head_of_fraud,Lakeshore Federal CU,ACC-1108,regional_bank_cu,NA,2249,Paid Social,,compliance,False,fraud_team_hiring@2026-10-01,New,,,,,,,,Marketing Queue
L-5141,2026-05-23,Rowan,Ingram,rowan.ingram@cedarvalleyexchange.example,"Director, Financial Crimes Compliance",bsa_aml_officer,Cedar Valley Exchange,ACC-1145,crypto,LATAM,3058,Website Chat,,fraud,True,chat_engaged@2026-05-25,Recycled,,,,,,,,Marketing Queue
L-5142,2026-07-18,Sage,Orwell,sage.orwell@silverlinecollective.example,Office Manager,unknown,Silverline Collective,ACC-1197,other,NA,125,Partner Referral,Helix by Q2,fraud,False,regulatory_action@2026-08-06|new_product_launch@2026-07-20|pricing_page_visit@2026-07-24,Disqualified,,,,,,,Bad Data,Marketing Queue
L-5143,2026-01-14,Sage,Ingram,sage.ingram@evergreenneo.example,"Head of Product, Onboarding",head_of_payments_product,Evergreen Neo,ACC-1201,fintech_neobank,MENA,3011,Event,,fraud,True,sardinecon_attended@2026-02-03|webinar_attended@2026-01-21,Disqualified,,,,,,,Not ICP,Marketing Queue
L-5144,2026-06-28,Jamie,Nash,jamie.nash@bluemesasports.example,Head of Fraud,head_of_fraud,Blue Mesa Sports,ACC-1115,gaming_prediction,MENA,1351,Outbound - Unify Signals,,fraud,False,chat_engaged@2026-07-10|new_product_launch@2026-07-17,Disqualified,,,,,,,No Use Case,Marketing Queue
L-5145,2026-04-18,Casey,Nash,casey.nash@harborviewcommunitybank.example,Head of Fraud,head_of_fraud,Harborview Community Bank,ACC-1105,regional_bank_cu,NA,3016,Webinar,,compliance,True,competitor_renewal_window@2026-05-04,Recycled,,,,,,,,Marketing Queue
L-5146,2026-03-06,Skyler,Nash,skyler.nash@pinecrestcreditunion.example,Third-Party Risk Lead,blocker_procurement,Pinecrest Credit Union,ACC-1285,regional_bank_cu,NA,2493,Webinar,,fraud,True,pricing_page_visit@2026-03-06,Recycled,2026-03-07,2026-03-07,2,2026-03-09,,,,SDR - Eli Novak
L-5147,2026-05-03,Morgan,Pruitt,morgan.pruitt@evergreenwallet.example,"Director, Fraud Data Science",risk_data_science,Evergreen Wallet,ACC-1290,fintech_neobank,EMEA,1405,Content Download,,fraud,False,demo_request@2026-05-14,Recycled,,,,,,,,Marketing Queue
L-5148,2026-03-29,Drew,Nash,drew.nash@sterlingcloud.example,"VP, Fraud Strategy",head_of_fraud,Sterling Cloud,ACC-1242,b2b_saas_payroll,EMEA,9448,Content Download,,fraud,False,content_download@2026-03-29,Recycled,2026-03-30,2026-03-30,2,2026-04-08,,,,SDR - Gabi Souza
L-5149,2026-08-11,Rowan,Thorne,rowan.thorne@tidewatercard.example,VP Payments,head_of_payments_product,Tidewater Card,ACC-1234,fintech_neobank,NA,386,Outbound - Unify Signals,,compliance,True,fraud_team_hiring@2026-08-23|competitor_renewal_window@2026-08-21,Recycled,,,,,,,,Marketing Queue
L-5150,2026-09-27,Reese,Orwell,reese.orwell@lakeshoreissuing.example,"Director, Card Products",head_of_payments_product,Lakeshore Issuing,ACC-1449,payments_issuing,NA,3398,Partner Referral,SI partner,fraud,True,demo_request@2026-10-01|content_download@2026-10-01|email_reply_positive@2026-10-01|demo_request@2026-10-01,Working,2026-09-30,2026-09-30,6,,,,,SDR - Bri Okafor
L-5151,2026-08-24,Blake,Ellery,blake.ellery@cedarvalleycollective.example,Model Risk Manager,blocker_procurement,Cedar Valley Collective,ACC-1237,other,LATAM,129,Demo Request,,fraud,False,demo_request@2026-08-29|email_reply_positive@2026-09-11,Disqualified,,,,,,,Student/Job Seeker,Marketing Queue
L-5152,2026-02-20,Riley,Calloway,riley.calloway@summitridgemerchantservices.example,"SVP, Enterprise Risk",chief_risk_officer,Summit Ridge Merchant Services,ACC-1103,payments_issuing,NA,7135,Paid Social,,fraud,False,champion_job_change@2026-02-25,Recycled,2026-02-23,2026-02-25,50,,,,,SDR - Alex Rivera
L-5153,2026-06-25,Casey,Fairbanks,casey.fairbanks@bayfrontcommunitybank.example,Head of Fraud,head_of_fraud,Bayfront Community Bank,ACC-1393,regional_bank_cu,NA,746,Webinar,,fraud,True,,Recycled,2026-06-28,2026-06-28,6,,,,,SDR - Alex Rivera
L-5154,2026-01-11,Avery,Thorne,avery.thorne@westfieldmoney.example,"Director, Financial Crimes Compliance",bsa_aml_officer,Westfield Money,ACC-1318,fintech_neobank,NA,2655,Outbound - Clay Enrichment,,fraud,False,regulatory_action@2026-01-28,Recycled,2026-01-14,2026-01-14,2,,,,,SDR - Chen Wu
L-5155,2026-01-30,Cameron,Brooks,cameron.brooks@highlandpayments.example,"Director, Card Products",head_of_payments_product,Highland Payments,ACC-1317,payments_issuing,NA,13819,Webinar,,fraud,False,,Converted,2026-01-30,2026-01-30,1,2026-02-03,2026-02-05,OPP-7016,,SDR - Fran Moretti
L-5156,2026-04-05,Skyler,Lowry,skyler.lowry@granitepeaksports.example,Fraud Operations Manager,fraud_ops_manager,Granite Peak Sports,ACC-1304,gaming_prediction,NA,1184,Outbound - Clay Enrichment,,fraud,False,sardinecon_attended@2026-04-06|chat_engaged@2026-04-14,Disqualified,,,,,,,Not ICP,Marketing Queue
L-5157,2026-05-25,Taylor,Thorne,taylor.thorne@stonebridgepredict.example,Senior Fraud Analyst,fraud_ops_manager,Stonebridge Predict,ACC-1062,gaming_prediction,NA,135,Event,,fraud,False,new_product_launch@2026-05-31,Recycled,,,,,,,,Marketing Queue
L-5158,2026-06-01,Kendall,Lowry,kendall.lowry@arborpayroll.example,CISO,ciso_security,Arbor Payroll,ACC-1352,b2b_saas_payroll,APAC,3068,Outbound - Unify Signals,,fraud,False,sardinecon_attended@2026-06-09|new_product_launch@2026-06-19,Disqualified,,,,,,,No Use Case,Marketing Queue
L-5159,2026-06-02,Avery,Orwell,avery.orwell@mapleleafmoney.example,"Head of Product, Onboarding",head_of_payments_product,Maple Leaf Money,ACC-1312,fintech_neobank,NA,4796,Content Download,,compliance,True,,Disqualified,,,,,,,No Use Case,Marketing Queue
L-5160,2026-04-23,Reese,Jessup,reese.jessup@falconbooks.example,CISO,ciso_security,Falcon Books,ACC-1286,b2b_saas_payroll,NA,6229,Website Chat,,fraud,False,chat_engaged@2026-05-02|webinar_attended@2026-04-25,Recycled,2026-04-25,2026-04-25,8,,,,,SDR - Chen Wu
L-5161,2026-09-07,Emerson,Rourke,emerson.rourke@sterlingstudio.example,Consultant,unknown,Sterling Studio,ACC-1426,other,NA,49,Outbound - Clay Enrichment,,fraud,False,champion_job_change@2026-09-11|regulatory_action@2026-09-11,New,,,,,,,,Marketing Queue
L-5162,2026-01-14,Drew,Alder,drew.alder@clearwaterprocessing.example,"Director, Fraud Data Science",risk_data_science,Clearwater Processing,ACC-1289,payments_issuing,NA,10725,Content Download,,compliance,True,sardinecon_attended@2026-01-25|chat_engaged@2026-01-18,Recycled,,,,,,,,Marketing Queue
L-5163,2026-01-21,Cameron,Orwell,cameron.orwell@oakmontbooks.example,VP Payments,head_of_payments_product,Oakmont Books,ACC-1361,b2b_saas_payroll,NA,9586,Paid Social,,fraud,True,regulatory_action@2026-01-28,Recycled,,,,,,,,Marketing Queue
L-5164,2026-02-21,Sage,Ellery,sage.ellery@bluemesacustody.example,"Director, Financial Crimes Compliance",bsa_aml_officer,Blue Mesa Custody,ACC-1398,crypto,EMEA,1361,Outbound - Clay Enrichment,,fraud,False,email_reply_positive@2026-03-08,Recycled,,,,,,,,Marketing Queue
L-5165,2026-04-20,Riley,Alder,riley.alder@lakeshorehr.example,Head of Fraud,head_of_fraud,Lakeshore HR,ACC-1346,b2b_saas_payroll,LATAM,4642,Website Chat,,fraud,False,chat_engaged@2026-05-06,Disqualified,,,,,,,No Use Case,Marketing Queue
L-5166,2026-06-13,Taylor,Garrow,taylor.garrow@bluemesaconsulting.example,Vendor Risk Manager,blocker_procurement,Blue Mesa Consulting,ACC-1052,other,NA,264,Website Chat,,fraud,False,chat_engaged@2026-07-03|unify_website_visit@2026-06-23,Recycled,,,,,,,,Marketing Queue
L-5167,2026-09-25,Skyler,Ingram,skyler.ingram@arborcustody.example,AML Investigations Lead,fraud_ops_manager,Arbor Custody,ACC-1007,crypto,NA,1250,Demo Request,,fraud,False,demo_request@2026-10-01,New,,,,,,,,Marketing Queue
L-5168,2026-08-20,Riley,Marlow,riley.marlow@redwoodcommerce.example,Fraud Operations Manager,fraud_ops_manager,Redwood Commerce,ACC-1313,marketplace_commerce,LATAM,9334,Website Chat,,fraud,True,chat_engaged@2026-08-21,Converted,2026-08-23,2026-08-23,8,2026-09-07,2026-09-12,OPP-7017,,SDR - Gabi Souza
L-5169,2026-03-13,Emerson,Pruitt,emerson.pruitt@riverbendprocessing.example,"SVP, Enterprise Risk",chief_risk_officer,Riverbend Processing,ACC-1391,payments_issuing,NA,2790,Demo Request,,fraud,False,demo_request@2026-03-27|chat_engaged@2026-03-27|webinar_attended@2026-04-02,Recycled,,,,,,,,Marketing Queue
L-5170,2026-08-25,Parker,Dunmore,parker.dunmore@redwoodbaas.example,"Director, Fraud Risk",head_of_fraud,Redwood BaaS,ACC-1403,sponsor_bank_baas,NA,2320,Outbound - Clay Enrichment,,compliance,False,,Working,2026-08-27,2026-08-27,3,,,,,SDR - Gabi Souza
L-5171,2026-02-10,Hayden,Hollis,hayden.hollis@clearwaterbaas.example,"Director, Fraud Risk",head_of_fraud,Clearwater BaaS,ACC-1054,sponsor_bank_baas,EMEA,2605,Paid Social,,fraud,False,content_download@2026-02-28,Disqualified,2026-02-12,2026-02-12,4,,,,Duplicate,SDR - Gabi Souza
L-5172,2026-05-05,Logan,Thorne,logan.thorne@unionsquarecommunitybank.example,Model Risk Manager,blocker_procurement,Union Square Community Bank,ACC-1175,regional_bank_cu,NA,2553,Webinar,,fraud,True,chat_engaged@2026-05-23|regulatory_action@2026-05-08,Disqualified,2026-05-08,2026-05-08,2,,,,Student/Job Seeker,SDR - Alex Rivera
L-5173,2026-03-17,Reese,Marlow,reese.marlow@mapleleaftickets.example,"Director, Information Security",ciso_security,Maple Leaf Tickets,ACC-1046,marketplace_commerce,NA,8420,Website Chat,,fraud,True,chat_engaged@2026-03-21|regulatory_action@2026-04-03,Disqualified,2026-03-19,2026-03-19,6,,,,Existing Open Opp,SDR - Alex Rivera
L-5174,2026-09-23,Blake,Lowry,blake.lowry@bluemesastudio.example,Office Manager,unknown,Blue Mesa Studio,ACC-1298,other,EMEA,365,Outbound - Unify Signals,,fraud,False,webinar_attended@2026-09-24|sardinecon_attended@2026-10-01|demo_request@2026-09-23,Disqualified,,,,,,,Student/Job Seeker,Marketing Queue
L-5175,2026-07-19,Quinn,Pruitt,quinn.pruitt@granitepeakmoney.example,"Director, Financial Crimes Compliance",bsa_aml_officer,Granite Peak Money,ACC-1320,fintech_neobank,NA,2417,Outbound - Unify Signals,,fraud,False,new_product_launch@2026-07-25,Recycled,,,,,,,,Marketing Queue
L-5176,2026-01-10,Casey,Calloway,casey.calloway@crescentmarket.example,"Director, Information Security",ciso_security,Crescent Market,ACC-1064,marketplace_commerce,NA,9273,Demo Request,,fraud,False,demo_request@2026-01-25|champion_job_change@2026-01-23,Disqualified,,,,,,,Competitor,Marketing Queue
L-5177,2026-08-25,Quinn,Nash,quinn.nash@sterlingdepartment.example,"SVP, Enterprise Risk",chief_risk_officer,Sterling Department,ACC-1319,public_sector,NA,34749,Partner Referral,SI partner,fraud,False,regulatory_action@2026-09-06|sardinecon_attended@2026-09-01,Recycled,,,,,,,,Marketing Queue
L-5178,2026-07-11,Casey,Quill,casey.quill@bayfrontcloud.example,Head of Trust & Safety,ciso_security,Bayfront Cloud,ACC-1279,b2b_saas_payroll,NA,6538,Website Chat,,fraud,False,chat_engaged@2026-07-26|competitor_renewal_window@2026-07-22|chat_engaged@2026-07-29|regulatory_action@2026-07-13,Recycled,,,,,,,,Marketing Queue
L-5179,2026-09-03,Jordan,Kestrel,,"Director, Fraud Risk",head_of_fraud,Redwood Community Bank,ACC-1045,regional_bank_cu,NA,2719,Demo Request,,fraud,True,demo_request@2026-09-21|webinar_attended@2026-09-22,Converted,2026-09-06,2026-09-06,8,2026-09-20,2026-09-21,OPP-7018,,SDR - Fran Moretti
L-5180,2026-05-18,Reese,Thorne,reesethorne@gmail.example,CISO,ciso_security,Lakeshore Books,ACC-1155,b2b_saas_payroll,,4919,Website Chat,,fraud,False,chat_engaged@2026-05-23|fraud_team_hiring@2026-05-19,Converted,2026-05-18,2026-05-18,6,2026-05-29,2026-05-31,OPP-7019,,SDR - Eli Novak
L-5181,2026-03-23,Jamie,Pruitt,jamie.pruitt@mapleleafcollective.example,Model Risk Manager,blocker_procurement,Maple Leaf Collective,ACC-1089,other,NA,132,Outbound - Clay Enrichment,,fraud,False,pricing_page_visit@2026-03-31,Disqualified,,,,,,,Not ICP,Marketing Queue
L-5182,2026-09-15,Quinn,Garrow,quinn.garrow@clearwaternationalbank.example,Chief Risk Officer,chief_risk_officer,Clearwater National Bank,ACC-1420,sponsor_bank_baas,EMEA,2314,Outbound - Unify Signals,,compliance,True,unify_website_visit@2026-09-29|competitor_renewal_window@2026-10-01,New,,,,,,,,Marketing Queue
L-5183,2026-08-30,Jamie,Marlow,jamie.marlow@westfieldbooks.example,"Director, Fraud Risk",head_of_fraud,Westfield Books,ACC-1026,b2b_saas_payroll,NA,2032,Outbound - Unify Signals,,fraud,False,regulatory_action@2026-09-16,Converted,2026-09-02,2026-09-02,1,2026-09-16,2026-09-21,OPP-7020,,SDR - Fran Moretti
L-5184,2026-07-05,Drew,Dunmore,drew.dunmore@falconconsulting.example,Student,unknown,Falcon Consulting,ACC-1021,other,EMEA,63,Outbound - Unify Signals,,fraud,False,champion_job_change@2026-07-13|sardinecon_attended@2026-07-13,Disqualified,,,,,,,Bad Data,Marketing Queue
L-5185,2026-04-07,Morgan,Alder,morgan.alder@keystonedepartment.example,"Director, Information Security",ciso_security,Keystone Department,ACC-1266,public_sector,NA,37342,Event,,fraud,False,champion_job_change@2026-04-07,Recycled,,,,,,,,Marketing Queue
L-5186,2026-01-17,Kendall,Dunmore,kendall.dunmore@prairiefirstchain.example,BSA/AML Officer,bsa_aml_officer,Prairie First Chain,ACC-1098,crypto,EMEA,3545,Demo Request,,compliance,False,demo_request@2026-01-23,Disqualified,2026-01-18,2026-01-18,2,,,,Student/Job Seeker,SDR - Fran Moretti
L-5187,2026-08-11,Drew,Brooks,drew.brooks@lakeshoremoney.example,Chief Compliance Officer,bsa_aml_officer,Lakeshore Money,ACC-1232,fintech_neobank,EMEA,2411,Event,,compliance,True,email_reply_positive@2026-08-13,Recycled,2026-08-13,2026-08-13,3,2026-08-22,,,,SDR - Bri Okafor
L-5188,2026-03-01,Kendall,Dunmore,kendall.dunmore@oakmontplay.example,Chief Compliance Officer,bsa_aml_officer,Oakmont Play,ACC-1330,gaming_prediction,EMEA,457,Webinar,,fraud,False,content_download@2026-03-07,Disqualified,2026-03-01,2026-03-01,2,,,,Duplicate,SDR - Bri Okafor
L-5189,2026-01-05,Rowan,Sutter,rowansutter@gmail.example,Vendor Risk Manager,blocker_procurement,Stonebridge Bancorp,ACC-1334,tier1_bank,EMEA,198139,Website Chat,,fraud,False,chat_engaged@2026-01-09|competitor_renewal_window@2026-01-15,Recycled,,,,,,,,Marketing Queue
L-5190,2026-01-06,Rowan,Brooks,rowan.brooks@keystonegames.example,"Director, Fraud Risk",head_of_fraud,Keystone Games,ACC-1276,gaming_prediction,EMEA,1227,Outbound - Unify Signals,,fraud,False,email_reply_positive@2026-01-21|chat_engaged@2026-01-24|new_product_launch@2026-01-17|sardinecon_attended@2026-01-15,Disqualified,2026-01-08,2026-01-08,2,,,,Bad Data,SDR - Alex Rivera
L-5191,2026-06-07,Taylor,Ellery,taylor.ellery@highlandmerchantservices.example,"Head of Product, Onboarding",head_of_payments_product,Highland Merchant Services,ACC-1196,payments_issuing,EMEA,4023,Outbound - Unify Signals,,compliance,True,champion_job_change@2026-06-18|regulatory_action@2026-06-09|champion_job_change@2026-06-21,Disqualified,2026-06-07,2026-06-09,50,,,,No Use Case,SDR - Alex Rivera
L-5192,2026-02-02,Sage,Orwell,sage.orwell@northgatecollective.example,Marketing Coordinator,unknown,Northgate Collective,ACC-1018,other,NA,29,Event,,fraud,False,demo_request@2026-02-14|chat_engaged@2026-02-08,Disqualified,,,,,,,Bad Data,Marketing Queue
L-5193,2026-03-18,Casey,Alder,casey.alder@northgatecollective.example,Vendor Risk Manager,blocker_procurement,Northgate Collective,ACC-1018,other,NA,29,Outbound - Clay Enrichment,,fraud,False,regulatory_action@2026-04-06|demo_request@2026-03-25,Disqualified,,,,,,,Not ICP,Marketing Queue
L-5194,2026-02-28,Jamie,Calloway,jamie.calloway@evergreenbaas.example,"Director, Financial Crimes Compliance",bsa_aml_officer,Evergreen BaaS,ACC-1427,sponsor_bank_baas,NA,1771,Demo Request,,fraud,True,demo_request@2026-03-19,Recycled,2026-03-01,2026-03-01,8,,,,,SDR - Bri Okafor
L-5195,2026-03-07,Hayden,Fairbanks,hayden.fairbanks@pinecrestpayroll.example,"Director, Fraud Risk",head_of_fraud,Pinecrest Payroll,ACC-1171,b2b_saas_payroll,LATAM,11248,Paid Social,,fraud,False,,Disqualified,,,,,,,Not ICP,Marketing Queue
L-5196,2026-03-26,Logan,Jessup,logan.jessup@redwoodcommerce.example,"Head of Product, Onboarding",head_of_payments_product,Redwood Commerce,ACC-1313,marketplace_commerce,LATAM,9334,Website Chat,,fraud,True,chat_engaged@2026-03-26|demo_request@2026-03-31|chat_engaged@2026-04-15,Disqualified,,,,,,,Not ICP,Marketing Queue
L-5197,2026-08-03,Reese,Lowry,reese.lowry@silverlinepayroll.example,"Director, Card Products",head_of_payments_product,Silverline Payroll,ACC-1267,b2b_saas_payroll,EMEA,4669,Content Download,,fraud,False,fraud_team_hiring@2026-08-04|fraud_team_hiring@2026-08-08|competitor_renewal_window@2026-08-18|fraud_team_hiring@2026-08-05,Working,2026-08-03,2026-08-03,8,,,,,SDR - Bri Okafor
L-5198,2026-04-21,Riley,Ellery,riley.ellery@cedarvalleycollective.example,Vendor Risk Manager,blocker_procurement,Cedar Valley Collective,ACC-1237,other,LATAM,129,Paid Social,,fraud,False,,Disqualified,,,,,,,Not ICP,Marketing Queue
L-5199,2026-07-10,Kendall,Orwell,kendall.orwell@clearwaterstudio.example,Vendor Risk Manager,blocker_procurement,Clearwater Studio,ACC-1027,other,NA,128,Paid Social,,fraud,False,webinar_attended@2026-07-20,Disqualified,,,,,,,No Use Case,Marketing Queue
L-5200,2026-08-20,Jamie,Dunmore,jamie.dunmore@oakmontdigitalassets.example,AML Investigations Lead,fraud_ops_manager,Oakmont Digital Assets,ACC-1120,crypto,NA,1503,Event,,fraud,False,competitor_renewal_window@2026-08-30,Recycled,,,,,,,,Marketing Queue
L-5201,2026-02-01,Kendall,Orwell,kendall.orwell@westfieldmerchantservices.example,Chief Risk Officer,chief_risk_officer,Westfield Merchant Services,ACC-1299,payments_issuing,EMEA,16295,Outbound - Unify Signals,,fraud,True,,Disqualified,,,,,,,No Use Case,Marketing Queue
L-5202,2026-05-28,Emerson,Orwell,emerson.orwell@arborissuing.example,Head of Fraud,head_of_fraud,Arbor Issuing,ACC-1016,payments_issuing,NA,4775,Webinar,,compliance,True,,Disqualified,,,,,,,Competitor,Marketing Queue
L-5203,2026-05-02,Taylor,Sutter,taylor.sutter@prairiefirstcollective.example,Vendor Risk Manager,blocker_procurement,Prairie First Collective,ACC-1295,other,EMEA,298,Demo Request,,fraud,False,demo_request@2026-05-17,Disqualified,,,,,,,Student/Job Seeker,Marketing Queue
L-5204,2026-08-15,Jordan,Pruitt,jordan.pruitt@evergreencard.example,"Director, Financial Crimes Compliance",bsa_aml_officer,Evergreen Card,ACC-1126,fintech_neobank,NA,1928,Content Download,,fraud,True,fraud_team_hiring@2026-08-19|fraud_team_hiring@2026-08-15|content_download@2026-08-16,Working,2026-08-18,2026-08-18,2,,,,,SDR - Gabi Souza
L-5205,2026-08-01,Reese,Hollis,reese.hollis@westfielddepartment.example,Model Risk Manager,blocker_procurement,Westfield Department,ACC-1006,public_sector,NA,3847,Content Download,,fraud,False,,Recycled,,,,,,,,Marketing Queue
L-5206,2026-01-17,Quinn,Lowry,quinn.lowry@lakeshorepay.example,"Director, Fraud Data Science",risk_data_science,Lakeshore Pay,ACC-1382,fintech_neobank,NA,2409,Outbound - Clay Enrichment,,compliance,True,pricing_page_visit@2026-01-29,Recycled,,,,,,,,Marketing Queue
L-5207,2026-06-05,Taylor,Calloway,taylor.calloway@pinecrestplay.example,"VP, Fraud Strategy",head_of_fraud,Pinecrest Play,ACC-1271,gaming_prediction,EMEA,331,Outbound - Unify Signals,,fraud,True,competitor_renewal_window@2026-06-24|new_product_launch@2026-06-23,Recycled,,,,,,,,Marketing Queue
L-5208,2026-07-20,Cameron,Fairbanks,cameron.fairbanks@westfieldbooks.example,Head of Fraud,head_of_fraud,Westfield Books,ACC-1026,b2b_saas_payroll,NA,2032,Event,,fraud,False,demo_request@2026-07-31,Disqualified,,,,,,,,Marketing Queue
L-5209,2026-09-06,Drew,Quill,drew.quill@keystonegames.example,Head of Fraud,head_of_fraud,Keystone Games,ACC-1276,gaming_prediction,EMEA,1227,Content Download,,fraud,False,email_reply_positive@2026-09-13|sardinecon_attended@2026-09-17,Working,2026-09-08,2026-09-09,30,,,,,SDR - Dana Lopes
L-5210,2026-08-24,Morgan,Calloway,morgan.calloway@crescentbaas.example,Head of Fraud,head_of_fraud,Crescent BaaS,ACC-1363,sponsor_bank_baas,APAC,2981,Event,,compliance,False,competitor_renewal_window@2026-08-26|unify_website_visit@2026-09-07,Working,2026-08-26,2026-08-26,2,,,,,SDR - Eli Novak
L-5211,2026-06-04,Avery,Jessup,avery.jessup@copperstateagency.example,"SVP, Enterprise Risk",chief_risk_officer,Copper State Agency,ACC-1321,public_sector,NA,11466,Outbound - Unify Signals,,fraud,False,new_product_launch@2026-06-08|regulatory_action@2026-06-15|content_download@2026-06-18|competitor_renewal_window@2026-06-24,Disqualified,,,,,,,Competitor,Marketing Queue
L-5212,2026-06-21,Emerson,Jessup,emerson.jessup@prairiefirstnationalbank.example,Head of Fraud,head_of_fraud,Prairie First National Bank,ACC-1296,sponsor_bank_baas,NA,1241,Outbound - Clay Enrichment,,fraud,True,competitor_renewal_window@2026-07-07|new_product_launch@2026-07-05,Disqualified,2026-06-23,2026-06-23,4,,,,Duplicate,SDR - Chen Wu
L-5213,2026-03-31,Quinn,Hollis,quinn.hollis@cedarvalleyexchange.example,Head of Fraud,head_of_fraud,Cedar Valley Exchange,ACC-1145,crypto,LATAM,3058,Webinar,,compliance,True,webinar_attended@2026-04-05|pricing_page_visit@2026-04-04,Converted,2026-04-02,2026-04-02,3,2026-04-15,2026-04-17,OPP-7021,,SDR - Chen Wu
L-5214,2026-06-08,Casey,Alder,casey.alder@riverbendshop.example,Head of Trust & Safety,ciso_security,Riverbend Shop,ACC-1229,marketplace_commerce,EMEA,8057,Demo Request,,fraud,False,demo_request@2026-06-23|email_reply_positive@2026-06-12|regulatory_action@2026-06-18,Recycled,2026-06-10,2026-06-11,30,,,,,SDR - Dana Lopes
L-5215,2026-09-07,Reese,Alder,reese.alder@granitepeakpay.example,"Director, Fraud Risk",head_of_fraud,Granite Peak Pay,ACC-1173,fintech_neobank,NA,846,Website Chat,,fraud,False,chat_engaged@2026-09-10,Working,2026-09-09,2026-09-09,1,,,,,SDR - Bri Okafor
L-5216,2026-04-15,Sage,Marlow,sage.marlow@stonebridgecollective.example,Consultant,unknown,Stonebridge Collective,ACC-1400,other,NA,105,Website Chat,,fraud,False,chat_engaged@2026-04-17,Disqualified,,,,,,,Not ICP,Marketing Queue
L-5217,2026-08-11,Cameron,Lowry,cameron.lowry@cedarvalleypredict.example,"Director, Fraud Risk",head_of_fraud,Cedar Valley Predict,ACC-1203,gaming_prediction,EMEA,1272,Event,,fraud,False,demo_request@2026-08-20,Recycled,,,,,,,,Marketing Queue
L-5218,2026-06-01,Casey,Garrow,casey.garrow@crescentstudio.example,Office Manager,unknown,Crescent Studio,ACC-1212,other,NA,498,Webinar,,fraud,False,content_download@2026-06-14|pricing_page_visit@2026-06-19|fraud_team_hiring@2026-06-03,Disqualified,,,,,,,Student/Job Seeker,Marketing Queue
L-5219,2026-08-02,Logan,Ellery,logan.ellery@redwoodcommunitybank.example,"Director, Financial Crimes Compliance",bsa_aml_officer,Redwood Community Bank,ACC-1045,regional_bank_cu,NA,2719,Paid Social,,fraud,True,new_product_launch@2026-08-16,Working,2026-08-02,2026-08-02,6,,,,,SDR - Fran Moretti
L-5220,2026-01-18,Parker,Dunmore,parker.dunmore@cedarvalleycollective.example,Student,unknown,Cedar Valley Collective,ACC-1237,other,LATAM,129,Website Chat,,fraud,False,chat_engaged@2026-02-07,Disqualified,,,,,,,Student/Job Seeker,Marketing Queue
L-5221,2026-05-26,Drew,Pruitt,drew.pruitt@summitridgehr.example,Head of Fraud,head_of_fraud,Summit Ridge HR,ACC-1014,b2b_saas_payroll,LATAM,5368,Outbound - Clay Enrichment,,fraud,False,chat_engaged@2026-06-14|competitor_renewal_window@2026-06-06|fraud_team_hiring@2026-06-10|fraud_team_hiring@2026-06-08,Converted,2026-05-26,2026-05-26,6,2026-05-28,2026-05-31,OPP-7022,,SDR - Chen Wu
L-5222,2026-05-24,Reese,Jessup,reese.jessup@unionsquaredigitalassets.example,BSA/AML Officer,bsa_aml_officer,Union Square Digital Assets,ACC-1083,crypto,EMEA,1212,Event,,compliance,False,sardinecon_attended@2026-05-25,Recycled,,,,,,,,Marketing Queue
L-5223,2026-06-15,Riley,Rourke,riley.rourke@mapleleafnationalbank.example,Head of Fraud,head_of_fraud,Maple Leaf National Bank,ACC-1278,sponsor_bank_baas,NA,2254,Paid Social,,compliance,False,competitor_renewal_window@2026-06-26,Disqualified,2026-06-17,2026-06-17,8,,,,Student/Job Seeker,SDR - Alex Rivera
L-5224,2026-09-19,Riley,Nash,riley.nash@bayfrontagency.example,Consultant,unknown,Bayfront Agency,ACC-1111,other,NA,358,Content Download,,fraud,False,email_reply_positive@2026-10-01|fraud_team_hiring@2026-10-01|new_product_launch@2026-10-01,New,,,,,,,,Marketing Queue
L-5225,2026-03-17,Avery,Dunmore,avery.dunmore@arborgames.example,BSA/AML Officer,bsa_aml_officer,Arbor Games,ACC-1353,gaming_prediction,MENA,863,Outbound - Clay Enrichment,,fraud,False,fraud_team_hiring@2026-04-02|email_reply_positive@2026-03-27|pricing_page_visit@2026-03-26,Recycled,2026-03-18,2026-03-18,6,2026-03-22,,,,SDR - Alex Rivera
L-5226,2026-08-13,Logan,Brooks,logan.brooks@sterlingcommerce.example,"Director, Card Products",head_of_payments_product,Sterling Commerce,ACC-1009,marketplace_commerce,MENA,14113,Website Chat,,fraud,False,chat_engaged@2026-08-29,Working,2026-08-15,2026-08-15,1,,,,,SDR - Bri Okafor
L-5227,2026-04-09,Casey,Ingram,casey.ingram@cedarvalleynationalbank.example,Chief Risk Officer,chief_risk_officer,Cedar Valley National Bank,ACC-1300,sponsor_bank_baas,NA,1923,Event,,compliance,False,,Disqualified,,,,,,,Competitor,Marketing Queue
L-5228,2026-01-12,Avery,Dunmore,avery.dunmore@riverbendneo.example,"Director, Fraud Data Science",risk_data_science,Riverbend Neo,ACC-1050,fintech_neobank,NA,2497,Partner Referral,Modulr,fraud,False,webinar_attended@2026-01-17|email_reply_positive@2026-01-29,Recycled,2026-01-13,2026-01-14,30,,,,,SDR - Dana Lopes
L-5229,2026-09-25,Riley,Orwell,riley.orwell@sterlingtickets.example,Head of Trust & Safety,ciso_security,Sterling Tickets,ACC-1217,marketplace_commerce,NA,14650,Content Download,,fraud,False,email_reply_positive@2026-10-01,New,,,,,,,,Marketing Queue
L-5230,2026-02-16,Emerson,Thorne,emerson.thorne@bluemesadigitalassets.example,Chief Compliance Officer,bsa_aml_officer,Blue Mesa Digital Assets,ACC-1369,crypto,EMEA,2052,Event,,fraud,True,content_download@2026-02-25,Disqualified,2026-02-19,2026-02-19,6,,,,Competitor,SDR - Fran Moretti
L-5231,2026-01-11,Riley,Ellery,riley.ellery@cedarvalleybooks.example,Head of Fraud,head_of_fraud,Cedar Valley Books,ACC-1188,b2b_saas_payroll,NA,7007,Outbound - Clay Enrichment,,fraud,False,content_download@2026-01-25|new_product_launch@2026-01-13,Disqualified,,,,,,,Not ICP,Marketing Queue
L-5232,2026-07-30,Drew,Sutter,drew.sutter@granitepeakpay.example,VP Payments,head_of_payments_product,Granite Peak Pay,ACC-1173,fintech_neobank,NA,846,Demo Request,,fraud,False,demo_request@2026-08-14,Recycled,2026-08-02,2026-08-03,30,,,,,SDR - Alex Rivera
L-5233,2026-09-16,Morgan,Pruitt,morgan.pruitt@stonebridgewallet.example,AML Investigations Lead,fraud_ops_manager,Stonebridge Wallet,ACC-1128,fintech_neobank,NA,863,Content Download,,fraud,False,pricing_page_visit@2026-09-16|chat_engaged@2026-09-17,New,,,,,,,,Marketing Queue
L-5234,2026-02-23,Taylor,Jessup,taylor.jessup@westfieldmoney.example,"Director, Fraud Data Science",risk_data_science,Westfield Money,ACC-1318,fintech_neobank,NA,2655,Demo Request,,fraud,False,demo_request@2026-03-10|email_reply_positive@2026-03-09,Recycled,2026-02-23,2026-02-23,1,,,,,SDR - Gabi Souza
L-5235,2026-08-28,Quinn,Pruitt,quinn.pruitt@granitepeakbaas.example,Senior Fraud Analyst,fraud_ops_manager,Granite Peak BaaS,ACC-1192,sponsor_bank_baas,EMEA,1727,Website Chat,,fraud,False,chat_engaged@2026-09-06,Recycled,,,,,,,,Marketing Queue
L-5236,2026-09-02,Drew,Pruitt,drew.pruitt@cedarvalleysports.example,AML Investigations Lead,fraud_ops_manager,Cedar Valley Sports,ACC-1283,gaming_prediction,NA,462,Outbound - Clay Enrichment,,fraud,True,pricing_page_visit@2026-09-18|demo_request@2026-09-14,New,,,,,,,,Marketing Queue
L-5237,2026-01-19,Logan,Alder,logan.alder@tidewaterwallet.example,"Director, Fraud Risk",head_of_fraud,Tidewater Wallet,ACC-1164,fintech_neobank,NA,2676,Website Chat,,fraud,False,chat_engaged@2026-01-30,Recycled,2026-01-21,2026-01-21,8,2026-01-23,,,,SDR - Chen Wu
L-5238,2026-02-07,Quinn,Alder,quinn.alder@ironwoodbooks.example,"VP, Fraud Strategy",head_of_fraud,Ironwood Books,ACC-1303,b2b_saas_payroll,NA,2188,Paid Social,,fraud,False,,Recycled,,,,,,,,Marketing Queue
L-5239,2026-09-02,Riley,Garrow,riley.garrow@arborneo.example,"Director, Fraud Risk",head_of_fraud,Arbor Neo,ACC-1136,fintech_neobank,NA,4861,Website Chat,,fraud,False,chat_engaged@2026-09-20|content_download@2026-09-12|fraud_team_hiring@2026-09-05|email_reply_positive@2026-09-17,Working,2026-09-04,2026-09-04,8,,,,,SDR - Gabi Souza
L-5240,2026-04-24,Rowan,Hollis,rowan.hollis@redwoodbaas.example,"Director, Financial Crimes Compliance",bsa_aml_officer,Redwood BaaS,ACC-1403,sponsor_bank_baas,NA,2320,Paid Social,,compliance,False,webinar_attended@2026-05-12,Recycled,,,,,,,,Marketing Queue
L-5241,2026-04-22,Hayden,Rourke,hayden.rourke@oakmontstudio.example,Student,unknown,Oakmont Studio,ACC-1243,other,NA,39,Event,,fraud,False,champion_job_change@2026-05-01|new_product_launch@2026-05-01,Disqualified,,,,,,,Bad Data,Marketing Queue
L-5242,2026-09-17,Blake,Thorne,blake.thorne@sterlingcommerce.example,CISO,ciso_security,Sterling Commerce,ACC-1009,marketplace_commerce,MENA,14113,Content Download,,fraud,False,competitor_renewal_window@2026-10-01|webinar_attended@2026-10-01,New,,,,,,,,Marketing Queue
L-5243,2026-07-10,Casey,Jessup,casey.jessup@silverlinepayroll.example,"VP, Fraud Strategy",head_of_fraud,Silverline Payroll,ACC-1267,b2b_saas_payroll,EMEA,4669,Outbound - Clay Enrichment,,fraud,False,,Disqualified,,,,,,,,Marketing Queue
L-5244,2026-03-28,Casey,Garrow,caseygarrow@gmail.example,Chief Compliance Officer,bsa_aml_officer,Arbor Neo,ACC-1136,fintech_neobank,NA,4861,Paid Social,,fraud,False,unify_website_visit@2026-04-09|unify_website_visit@2026-03-31,Recycled,2026-03-31,2026-03-31,20,,,,,SDR - Bri Okafor
L-5245,2026-05-27,Jordan,Calloway,jordan.calloway@summitridgehr.example,"Director, Card Products",head_of_payments_product,Summit Ridge HR,ACC-1014,b2b_saas_payroll,LATAM,5368,Partner Referral,Modulr,fraud,False,demo_request@2026-06-11|email_reply_positive@2026-05-27,Recycled,2026-05-30,2026-05-30,8,,,,,SDR - Gabi Souza
L-5246,2026-03-03,Drew,Pruitt,drew.pruitt@harborviewmoney.example,"Director, Card Products",head_of_payments_product,Harborview Money,ACC-1071,fintech_neobank,NA,2322,Partner Referral,Helix by Q2,compliance,False,fraud_team_hiring@2026-03-19,Recycled,,,,,,,,Marketing Queue
L-5247,2026-05-05,Taylor,Ingram,taylor.ingram@tidewatercloud.example,CISO,ciso_security,Tidewater Cloud,ACC-1199,b2b_saas_payroll,NA,2731,Outbound - Unify Signals,,fraud,False,chat_engaged@2026-05-10,Recycled,,,,,,,,Marketing Queue
L-5248,2026-08-09,Cameron,Jessup,cameronjessup@gmail.example,Senior Fraud Analyst,fraud_ops_manager,Clearwater Exchange,ACC-1162,crypto,NA,1272,Outbound - Clay Enrichment,,compliance,False,webinar_attended@2026-08-13|sardinecon_attended@2026-08-24,Disqualified,,,,,,,Not ICP,Marketing Queue
L-5249,2026-07-20,Blake,Hollis,blake.hollis@lakeshoreexchange.example,Head of Fraud,head_of_fraud,Lakeshore Exchange,ACC-1122,crypto,NA,1714,Paid Social,,fraud,False,competitor_renewal_window@2026-07-31|email_reply_positive@2026-07-23,Disqualified,,,,,,,No Use Case,Marketing Queue
L-5250,2026-03-28,Drew,Calloway,drew.calloway@riverbendsavingsbank.example,"Director, Fraud Risk",head_of_fraud,Riverbend Savings Bank,ACC-1152,regional_bank_cu,NA,1099,Outbound - Clay Enrichment,,fraud,False,email_reply_positive@2026-04-17|content_download@2026-03-29,Recycled,2026-03-30,2026-03-30,20,,,,,SDR - Chen Wu
L-5251,2026-07-04,Jordan,Fairbanks,jordan.fairbanks@sterlingcommunitybank.example,"Director, Financial Crimes Compliance",bsa_aml_officer,Sterling Community Bank,ACC-1259,regional_bank_cu,NA,2908,Outbound - Unify Signals,,compliance,False,new_product_launch@2026-07-14|regulatory_action@2026-07-04,Converted,2026-07-05,2026-07-05,6,2026-07-08,2026-07-09,OPP-7023,,SDR - Gabi Souza
L-5252,2026-08-03,Drew,Fairbanks,drew.fairbanks@unionsquareagency.example,Third-Party Risk Lead,blocker_procurement,Union Square Agency,ACC-1066,other,LATAM,17,Event,,fraud,False,competitor_renewal_window@2026-08-07,Recycled,,,,,,,,Marketing Queue
L-5253,2026-01-15,Taylor,Ingram,taylor.ingram@evergreenbaas.example,"SVP, Enterprise Risk",chief_risk_officer,Evergreen BaaS,ACC-1427,sponsor_bank_baas,NA,1771,Website Chat,,fraud,True,chat_engaged@2026-02-03|champion_job_change@2026-01-22|chat_engaged@2026-01-29,Converted,2026-01-17,2026-01-17,3,2026-01-24,2026-01-28,OPP-7024,,SDR - Gabi Souza
L-5254,2026-03-06,Rowan,Ellery,rowan.ellery@lakeshoremoney.example,AML Investigations Lead,fraud_ops_manager,Lakeshore Money,ACC-1232,fintech_neobank,EMEA,2411,Content Download,,compliance,True,unify_website_visit@2026-03-14|webinar_attended@2026-03-21,Recycled,,,,,,,,Marketing Queue
L-5255,2026-03-20,Kendall,Orwell,kendall.orwell@meridianprocessing.example,"SVP, Enterprise Risk",chief_risk_officer,Meridian Processing,ACC-1092,payments_issuing,EMEA,15754,Website Chat,,fraud,False,chat_engaged@2026-03-27,Disqualified,2026-03-23,2026-03-23,3,,,,Bad Data,SDR - Fran Moretti
L-5256,2026-02-11,Cameron,Thorne,cameron.thorne@westfieldissuing.example,"Lead Data Scientist, Risk",risk_data_science,Westfield Issuing,ACC-1216,payments_issuing,NA,3949,Demo Request,,compliance,False,demo_request@2026-02-21|unify_website_visit@2026-02-26,Disqualified,2026-02-14,2026-02-14,6,,,,Competitor,SDR - Alex Rivera
L-5257,2026-05-18,Casey,Calloway,casey.calloway@redwoodcreditunion.example,"VP, Fraud Strategy",head_of_fraud,Redwood Credit Union,ACC-1297,regional_bank_cu,NA,4238,Webinar,,compliance,False,sardinecon_attended@2026-06-01,Disqualified,2026-05-20,2026-05-20,1,,,,Duplicate,SDR - Fran Moretti
L-5258,2026-05-29,Hayden,Fairbanks,hayden.fairbanks@summitridgecloud.example,"Director, Card Products",head_of_payments_product,Summit Ridge Cloud,ACC-1184,b2b_saas_payroll,LATAM,4889,Paid Social,,fraud,False,email_reply_positive@2026-06-06|new_product_launch@2026-06-08,Recycled,,,,,,,,Marketing Queue
L-5259,2026-02-01,Jamie,Fairbanks,jamie.fairbanks@keystonewallet.example,AML Investigations Lead,fraud_ops_manager,Keystone Wallet,ACC-1325,fintech_neobank,LATAM,3895,Content Download,,fraud,True,,Disqualified,,,,,,,No Use Case,Marketing Queue
L-5260,2026-08-27,Casey,Dunmore,casey.dunmore@crescentbaas.example,Senior Fraud Analyst,fraud_ops_manager,Crescent BaaS,ACC-1363,sponsor_bank_baas,APAC,2981,Outbound - Clay Enrichment,,fraud,False,,Working,2026-08-28,2026-08-30,50,,,,,SDR - Eli Novak
L-5261,2026-01-07,Parker,Dunmore,parker.dunmore@lakeshorefederalcu.example,Third-Party Risk Lead,blocker_procurement,Lakeshore Federal CU,ACC-1108,regional_bank_cu,NA,2249,Partner Referral,Modulr,compliance,False,chat_engaged@2026-01-14,Recycled,2026-01-07,2026-01-07,8,2026-01-10,,,,SDR - Dana Lopes
L-5262,2026-01-07,Jordan,Jessup,jordan.jessup@copperstateagency.example,"Director, Information Security",ciso_security,Copper State Agency,ACC-1321,public_sector,NA,11466,Event,,fraud,False,champion_job_change@2026-01-26|regulatory_action@2026-01-17|competitor_renewal_window@2026-01-25|pricing_page_visit@2026-01-13,Recycled,2026-01-10,2026-01-10,2,,,,,SDR - Alex Rivera
L-5263,2026-03-29,Casey,Dunmore,casey.dunmore@riverbendfederalcu.example,"VP, Fraud Strategy",head_of_fraud,Riverbend Federal CU,ACC-1010,regional_bank_cu,NA,3138,Outbound - Unify Signals,,fraud,True,webinar_attended@2026-04-18|email_reply_positive@2026-04-18,Disqualified,,,,,,,No Use Case,Marketing Queue
L-5264,2026-09-12,Hayden,Lowry,hayden.lowry@westfieldcommerce.example,Head of Trust & Safety,ciso_security,Westfield Commerce,ACC-1262,marketplace_commerce,EMEA,12941,Outbound - Clay Enrichment,,fraud,False,regulatory_action@2026-09-20|fraud_team_hiring@2026-10-01|content_download@2026-09-14,SQL,2026-09-12,2026-09-14,50,2026-09-23,,,,SDR - Bri Okafor
L-5265,2026-09-30,Parker,Jessup,parker.jessup@falconwallet.example,"Lead Data Scientist, Risk",risk_data_science,Falcon Wallet,ACC-1253,fintech_neobank,LATAM,2770,Demo Request,,fraud,True,demo_request@2026-10-01,New,,,,,,,,Marketing Queue
L-5266,2026-01-29,Emerson,Sutter,emerson.sutter@copperstatepay.example,Chief Compliance Officer,bsa_aml_officer,Copper State Pay,ACC-1218,fintech_neobank,NA,2600,Partner Referral,Helix by Q2,compliance,False,new_product_launch@2026-02-01|new_product_launch@2026-02-11|content_download@2026-02-01,Recycled,,,,,,,,Marketing Queue
L-5267,2026-07-25,Skyler,Sutter,skyler.sutter@sterlingshop.example,CISO,ciso_security,Sterling Shop,ACC-1091,marketplace_commerce,NA,11884,Website Chat,,fraud,False,chat_engaged@2026-08-03,Disqualified,,,,,,,No Use Case,Marketing Queue
L-5268,2026-02-14,Riley,Alder,riley.alder@lakeshorefederalcu.example,"VP, Fraud Strategy",head_of_fraud,Lakeshore Federal CU,ACC-1108,regional_bank_cu,NA,2249,Paid Social,,fraud,False,chat_engaged@2026-02-27|new_product_launch@2026-02-14|demo_request@2026-02-26,Disqualified,,,,,,,,Marketing Queue
L-5269,2026-07-26,Casey,Alder,casey.alder@silverlinecommerce.example,AML Investigations Lead,fraud_ops_manager,Silverline Commerce,ACC-1316,marketplace_commerce,,13284,Paid Social,,fraud,False,,Recycled,,,,,,,,Marketing Queue
L-5270,2026-05-08,Casey,Pruitt,casey.pruitt@oakmontchain.example,BSA/AML Officer,bsa_aml_officer,Oakmont Chain,ACC-1332,crypto,NA,2575,Outbound - Unify Signals,,compliance,False,email_reply_positive@2026-05-25|unify_website_visit@2026-05-10|webinar_attended@2026-05-22,Recycled,,,,,,,,Marketing Queue
L-5271,2026-05-09,Skyler,Alder,skyler.alder@crescentmoney.example,Senior Fraud Analyst,fraud_ops_manager,Crescent Money,ACC-1440,fintech_neobank,EMEA,3128,Content Download,,fraud,True,content_download@2026-05-10,Disqualified,,,,,,,Competitor,Marketing Queue
L-5272,2026-01-23,Kendall,Pruitt,kendall.pruitt@cedarvalleysports.example,BSA/AML Officer,bsa_aml_officer,Cedar Valley Sports,ACC-1283,gaming_prediction,NA,462,Outbound - Clay Enrichment,,fraud,True,new_product_launch@2026-02-10,Recycled,2026-01-25,2026-01-27,50,2026-02-12,,,,SDR - Dana Lopes
L-5273,2026-08-22,Reese,Garrow,reese.garrow@westfieldmoney.example,"Director, Financial Crimes Compliance",bsa_aml_officer,Westfield Money,ACC-1318,fintech_neobank,NA,2655,Outbound - Unify Signals,,compliance,False,,Disqualified,,,,,,,Competitor,Marketing Queue
L-5274,2026-03-13,Cameron,Pruitt,cameron.pruitt@summitridgeexchange.example,"VP, Fraud Strategy",head_of_fraud,Summit Ridge Exchange,ACC-1336,crypto,NA,1856,Paid Social,,compliance,True,content_download@2026-03-26|champion_job_change@2026-04-02,Converted,2026-03-13,2026-03-14,30,2026-03-19,2026-03-22,OPP-7025,,SDR - Dana Lopes
L-5275,2026-04-22,Skyler,Nash,skyler.nash@lakeshorebooks.example,"Director, Fraud Risk",head_of_fraud,Lakeshore Books,ACC-1155,b2b_saas_payroll,NA,4919,Partner Referral,Helix by Q2,fraud,False,sardinecon_attended@2026-04-30|sardinecon_attended@2026-04-27|pricing_page_visit@2026-05-08|demo_request@2026-04-24,Disqualified,2026-04-25,2026-04-25,6,,,,Duplicate,SDR - Chen Wu
L-5276,2026-09-25,Riley,Thorne,riley.thorne@arborfinancialgroup.example,Vendor Risk Manager,blocker_procurement,Arbor Financial Group,ACC-1077,tier1_bank,EMEA,183801,Demo Request,,compliance,True,demo_request@2026-10-01|email_reply_positive@2026-09-28,New,,,,,,,,Marketing Queue
L-5277,2026-04-20,Reese,Orwell,reese.orwell@unionsquaremoney.example,"VP, Fraud Strategy",head_of_fraud,Union Square Money,ACC-1085,fintech_neobank,NA,418,Event,,compliance,True,,Recycled,2026-04-22,2026-04-22,8,,,,,SDR - Dana Lopes
L-5278,2026-05-10,Morgan,Ingram,morgan.ingram@bayfrontcommunitybank.example,"Director, Financial Crimes Compliance",bsa_aml_officer,Bayfront Community Bank,ACC-1393,regional_bank_cu,NA,746,Outbound - Clay Enrichment,,fraud,True,new_product_launch@2026-05-15,Recycled,,,,,,,,Marketing Queue
L-5279,2026-03-16,Sage,Lowry,sage.lowry@stonebridgecommerce.example,CISO,ciso_security,Stonebridge Commerce,ACC-1215,marketplace_commerce,NA,9887,Outbound - Unify Signals,,fraud,False,content_download@2026-03-30,Disqualified,,,,,,,Competitor,Marketing Queue
L-5280,2026-07-29,Casey,Sutter,casey.sutter@granitepeakpay.example,"Director, Financial Crimes Compliance",bsa_aml_officer,Granite Peak Pay,ACC-1173,fintech_neobank,NA,846,Webinar,,fraud,False,content_download@2026-07-30,Recycled,2026-07-31,2026-07-31,8,,,,,SDR - Eli Novak
L-5281,2026-07-30,Emerson,Lowry,emerson.lowry@oakmontcloud.example,CISO,ciso_security,Oakmont Cloud,ACC-1075,b2b_saas_payroll,NA,8579,Outbound - Clay Enrichment,,fraud,True,new_product_launch@2026-08-18|email_reply_positive@2026-08-18,Converted,2026-07-31,2026-07-31,6,2026-08-10,2026-08-15,OPP-7026,,SDR - Eli Novak
L-5282,2026-04-24,Skyler,Fairbanks,skylerfairbanks@gmail.example,Chief Compliance Officer,bsa_aml_officer,Keystone Games,ACC-1276,gaming_prediction,EMEA,1227,Demo Request,,fraud,False,demo_request@2026-05-10,Recycled,,,,,,,,Marketing Queue
L-5283,2026-09-20,Cameron,Dunmore,cameron.dunmore@tidewatershop.example,"Director, Card Products",head_of_payments_product,Tidewater Shop,ACC-1371,marketplace_commerce,EMEA,5149,Demo Request,,fraud,False,demo_request@2026-09-28|champion_job_change@2026-10-01,Working,2026-09-22,2026-09-22,1,,,,,SDR - Eli Novak
L-5284,2026-07-03,Casey,Marlow,casey.marlow@clearwaterprocessing.example,"Head of Product, Onboarding",head_of_payments_product,Clearwater Processing,ACC-1289,payments_issuing,NA,10725,Paid Social,,fraud,True,email_reply_positive@2026-07-21,Recycled,2026-07-04,2026-07-04,8,,,,,SDR - Alex Rivera
L-5285,2026-08-10,Cameron,Quill,cameron.quill@westfieldbanktrust.example,Chief Compliance Officer,bsa_aml_officer,Westfield Bank & Trust,ACC-1047,sponsor_bank_baas,EMEA,1063,Webinar,,fraud,True,regulatory_action@2026-08-12,Recycled,,,,,,,,Marketing Queue
L-5286,2026-08-06,Casey,Pruitt,casey.pruitt@arborpayroll.example,"Head of Product, Onboarding",head_of_payments_product,Arbor Payroll,ACC-1352,b2b_saas_payroll,APAC,3068,Webinar,,fraud,False,,Disqualified,,,,,,,Not ICP,Marketing Queue
L-5287,2026-03-26,Logan,Jessup,logan.jessup@sterlingcloud.example,"Director, Fraud Risk",head_of_fraud,Sterling Cloud,ACC-1242,b2b_saas_payroll,EMEA,9448,Partner Referral,Sponsor bank referral,fraud,False,chat_engaged@2026-04-14|content_download@2026-03-29|chat_engaged@2026-04-06,Recycled,2026-03-28,2026-03-28,6,2026-03-30,,,,SDR - Dana Lopes
L-5288,2026-05-30,Parker,Alder,parker.alder@mapleleafpayroll.example,"Director, Card Products",head_of_payments_product,Maple Leaf Payroll,ACC-1024,b2b_saas_payroll,LATAM,5089,Content Download,,fraud,False,,Recycled,,,,,,,,Marketing Queue
L-5289,2026-07-17,Emerson,Orwell,emerson.orwell@summitridgetickets.example,Senior Fraud Analyst,fraud_ops_manager,Summit Ridge Tickets,ACC-1231,marketplace_commerce,NA,9919,Outbound - Clay Enrichment,,fraud,True,fraud_team_hiring@2026-07-21|email_reply_positive@2026-07-21|new_product_launch@2026-08-06,Recycled,,,,,,,,Marketing Queue
L-5290,2026-05-04,Drew,Calloway,drew.calloway@oakmontpay.example,Fraud Operations Manager,fraud_ops_manager,Oakmont Pay,ACC-1209,fintech_neobank,NA,469,Outbound - Unify Signals,,fraud,True,demo_request@2026-05-18,Recycled,,,,,,,,Marketing Queue
L-5291,2026-09-29,Quinn,Alder,quinn.alder@silverlinecommerce.example,"Director, Fraud Risk",head_of_fraud,Silverline Commerce,ACC-1316,marketplace_commerce,NA,13284,Content Download,,fraud,False,new_product_launch@2026-09-29|chat_engaged@2026-10-01,New,,,,,,,,Marketing Queue
L-5292,2026-06-18,Quinn,Nash,quinnnash@gmail.example,Head of Fraud,head_of_fraud,Oakmont Processing,ACC-1227,payments_issuing,NA,10829,Outbound - Unify Signals,,fraud,False,regulatory_action@2026-06-18|sardinecon_attended@2026-07-01,Disqualified,2026-06-18,2026-06-18,2,,,,Competitor,SDR - Bri Okafor
L-5293,2026-04-01,Reese,Marlow,reese.marlow@cedarvalleydigitalassets.example,"Director, Fraud Risk",head_of_fraud,Cedar Valley Digital Assets,ACC-1157,crypto,MENA,3789,Website Chat,,fraud,True,chat_engaged@2026-04-06|demo_request@2026-04-02,Converted,2026-04-01,2026-04-01,1,2026-04-15,2026-04-16,OPP-7027,,SDR - Dana Lopes
L-5294,2026-02-05,Parker,Alder,parker.alder@mapleleafshop.example,Senior Fraud Analyst,fraud_ops_manager,Maple Leaf Shop,ACC-1058,marketplace_commerce,NA,14979,Event,,fraud,False,content_download@2026-02-07,Recycled,,,,,,,,Marketing Queue
L-5295,2026-03-10,Taylor,Ellery,taylor.ellery@arborconsulting.example,Office Manager,unknown,Arbor Consulting,ACC-1051,other,NA,323,Paid Social,,fraud,False,regulatory_action@2026-03-12|champion_job_change@2026-03-26,Recycled,,,,,,,,Marketing Queue
L-5296,2026-08-30,Drew,Thorne,drew.thorne@falconconsulting.example,Consultant,unknown,Falcon Consulting,ACC-1021,other,EMEA,63,Paid Social,,fraud,False,pricing_page_visit@2026-08-30|demo_request@2026-09-14,Recycled,,,,,,,,Marketing Queue
L-5297,2026-02-09,Riley,Ellery,riley.ellery@evergreenpayments.example,"Head of Product, Onboarding",head_of_payments_product,Evergreen Payments,ACC-1023,payments_issuing,MENA,8830,Paid Social,,fraud,False,,Disqualified,2026-02-11,2026-02-11,8,,,,Student/Job Seeker,SDR - Chen Wu
L-5298,2026-06-22,Avery,Fairbanks,avery.fairbanks@harborviewwallet.example,Senior Fraud Analyst,fraud_ops_manager,Harborview Wallet,ACC-1107,fintech_neobank,NA,1074,Website Chat,,fraud,False,chat_engaged@2026-07-12|demo_request@2026-07-11|regulatory_action@2026-06-22,Recycled,,,,,,,,Marketing Queue
L-5299,2026-01-20,Rowan,Fairbanks,rowan.fairbanks@tidewaterneo.example,"VP, Fraud Strategy",head_of_fraud,Tidewater Neo,ACC-1333,fintech_neobank,EMEA,2495,Outbound - Clay Enrichment,,compliance,False,sardinecon_attended@2026-02-01|fraud_team_hiring@2026-01-31,Recycled,2026-01-22,2026-01-22,4,,,,,SDR - Fran Moretti
L-5300,2026-04-13,Cameron,Brooks,cameron.brooks@crescentbaas.example,"Director, Fraud Risk",head_of_fraud,Crescent BaaS,ACC-1363,sponsor_bank_baas,APAC,2981,Demo Request,,compliance,False,demo_request@2026-04-22|email_reply_positive@2026-04-20|unify_website_visit@2026-04-28,Disqualified,2026-04-16,2026-04-16,2,,,,Competitor,SDR - Fran Moretti
L-5301,2026-02-07,Sage,Ingram,sage.ingram@clearwaterprocessing.example,"Director, Card Products",head_of_payments_product,Clearwater Processing,ACC-1289,payments_issuing,NA,10725,Webinar,,fraud,True,pricing_page_visit@2026-02-15|fraud_team_hiring@2026-02-14,Disqualified,,,,,,,Not ICP,Marketing Queue
L-5302,2026-06-19,Cameron,Quill,cameron.quill@bayfrontcard.example,"Director, Fraud Risk",head_of_fraud,Bayfront Card,ACC-1344,fintech_neobank,MENA,1239,Outbound - Unify Signals,,compliance,True,content_download@2026-06-27|chat_engaged@2026-07-05|regulatory_action@2026-07-04,Converted,2026-06-22,2026-06-24,50,2026-06-26,2026-06-28,OPP-7028,,SDR - Gabi Souza
L-5303,2026-08-09,Riley,Alder,riley.alder@redwoodbanktrust.example,"SVP, Enterprise Risk",chief_risk_officer,Redwood Bank & Trust,ACC-1012,sponsor_bank_baas,NA,1654,Demo Request,,fraud,True,demo_request@2026-08-14|sardinecon_attended@2026-08-18|chat_engaged@2026-08-29,Recycled,,,,,,,,Marketing Queue
L-5304,2026-06-24,Logan,Dunmore,logan.dunmore@sterlingstudio.example,Marketing Coordinator,unknown,Sterling Studio,ACC-1426,other,NA,49,Partner Referral,Modulr,fraud,False,email_reply_positive@2026-07-13|fraud_team_hiring@2026-07-08|email_reply_positive@2026-06-27|champion_job_change@2026-07-08,Disqualified,,,,,,,Student/Job Seeker,Marketing Queue
L-5305,2026-02-05,Kendall,Nash,kendall.nash@stonebridgecollective.example,Office Manager,unknown,Stonebridge Collective,ACC-1400,other,NA,105,Outbound - Clay Enrichment,,fraud,False,,Disqualified,,,,,,,Student/Job Seeker,Marketing Queue
L-5306,2026-05-04,Kendall,Thorne,kendall.thorne@copperstatecommerce.example,"Director, Card Products",head_of_payments_product,Copper State Commerce,ACC-1049,marketplace_commerce,APAC,3446,Website Chat,,fraud,False,chat_engaged@2026-05-17,Recycled,,,,,,,,Marketing Queue
L-5307,2026-02-26,Logan,Ellery,logan.ellery@prairiefirstchain.example,Chief Compliance Officer,bsa_aml_officer,Prairie First Chain,ACC-1098,crypto,EMEA,3545,Website Chat,,fraud,False,chat_engaged@2026-03-16|email_reply_positive@2026-03-04,Converted,2026-03-01,2026-03-01,3,2026-03-15,2026-03-16,OPP-7029,,SDR - Eli Novak
L-5308,2026-06-13,Reese,Thorne,reese.thorne@tidewaterneo.example,"Director, Financial Crimes Compliance",bsa_aml_officer,Tidewater Neo,ACC-1333,fintech_neobank,EMEA,2495,Partner Referral,Modulr,compliance,False,,Disqualified,,,,,,,Not ICP,Marketing Queue
L-5309,2026-02-01,Taylor,Calloway,taylor.calloway@sterlingcollective.example,Third-Party Risk Lead,blocker_procurement,Sterling Collective,ACC-1419,other,APAC,158,Outbound - Unify Signals,,fraud,False,unify_website_visit@2026-02-21,Disqualified,,,,,,,Student/Job Seeker,Marketing Queue
L-5310,2026-06-25,Emerson,Brooks,emerson.brooks@riverbendcloud.example,CISO,ciso_security,Riverbend Cloud,ACC-1436,b2b_saas_payroll,NA,9438,Paid Social,,fraud,False,pricing_page_visit@2026-06-28,Disqualified,,,,,,,No Use Case,Marketing Queue
L-5311,2026-07-16,Avery,Calloway,avery.calloway@pinecrestpay.example,Chief Compliance Officer,bsa_aml_officer,Pinecrest Pay,ACC-1246,fintech_neobank,NA,4193,Content Download,,compliance,True,demo_request@2026-07-27,Converted,2026-07-17,2026-07-17,8,2026-07-19,2026-07-21,OPP-7030,,SDR - Fran Moretti
L-5312,2026-05-10,Quinn,Ingram,quinn.ingram@mapleleafcollective.example,Marketing Coordinator,unknown,Maple Leaf Collective,ACC-1089,other,NA,132,Webinar,,fraud,False,,Disqualified,,,,,,,Student/Job Seeker,Marketing Queue
L-5313,2026-06-10,Quinn,Quill,quinn.quill@granitepeakpay.example,VP Payments,head_of_payments_product,Granite Peak Pay,ACC-1173,fintech_neobank,NA,846,Outbound - Clay Enrichment,,fraud,False,email_reply_positive@2026-06-21,Recycled,,,,,,,,Marketing Queue
L-5314,2026-04-13,Jamie,Brooks,jamie.brooks@pinecrestbanktrust.example,"SVP, Enterprise Risk",chief_risk_officer,Pinecrest Bank & Trust,ACC-1406,sponsor_bank_baas,NA,718,Partner Referral,SI partner,fraud,True,sardinecon_attended@2026-05-02|content_download@2026-05-03,Recycled,,,,,,,,Marketing Queue
L-5315,2026-09-22,Kendall,Calloway,kendall.calloway@mapleleafdigitalassets.example,"Director, Financial Crimes Compliance",bsa_aml_officer,Maple Leaf Digital Assets,ACC-1446,crypto,NA,1652,Outbound - Clay Enrichment,,fraud,False,chat_engaged@2026-10-01,Working,2026-09-25,2026-09-25,3,,,,,SDR - Dana Lopes
L-5316,2026-09-04,Taylor,Hollis,taylor.hollis@westfieldmarket.example,VP Payments,head_of_payments_product,Westfield Market,ACC-1366,marketplace_commerce,NA,8753,Paid Social,,fraud,False,champion_job_change@2026-09-22|champion_job_change@2026-09-05,Working,2026-09-05,2026-09-05,6,,,,,SDR - Gabi Souza
L-5317,2026-02-17,Jamie,Sutter,jamie.sutter@falconcard.example,BSA/AML Officer,bsa_aml_officer,Falcon Card,ACC-1191,fintech_neobank,EMEA,3876,Webinar,,fraud,False,webinar_attended@2026-03-03|new_product_launch@2026-02-28,Converted,2026-02-20,2026-02-20,20,2026-03-06,2026-03-08,OPP-7031,,SDR - Dana Lopes
L-5318,2026-02-12,Drew,Hollis,drew.hollis@sterlingissuing.example,"Director, Fraud Data Science",risk_data_science,Sterling Issuing,ACC-1119,payments_issuing,NA,12618,Event,,compliance,True,webinar_attended@2026-02-28|new_product_launch@2026-03-01|champion_job_change@2026-02-14,Recycled,,,,,,,,Marketing Queue
L-5319,2026-04-12,Rowan,Marlow,rowan.marlow@mapleleafsavingsbank.example,"SVP, Enterprise Risk",chief_risk_officer,Maple Leaf Savings Bank,ACC-1154,regional_bank_cu,NA,4233,Webinar,,compliance,False,email_reply_positive@2026-04-29|webinar_attended@2026-04-12|email_reply_positive@2026-04-21|webinar_attended@2026-04-23,Recycled,2026-04-13,2026-04-13,20,2026-04-26,,,,SDR - Fran Moretti
L-5320,2026-06-28,Hayden,Garrow,hayden.garrow@granitepeakagency.example,Student,unknown,Granite Peak Agency,ACC-1416,other,LATAM,359,Demo Request,,fraud,False,demo_request@2026-07-11,Disqualified,,,,,,,Not ICP,Marketing Queue
L-5321,2026-01-09,Blake,Jessup,blake.jessup@pinecresthr.example,"Director, Information Security",ciso_security,Pinecrest HR,ACC-1156,b2b_saas_payroll,EMEA,5291,Outbound - Clay Enrichment,,fraud,False,sardinecon_attended@2026-01-19|unify_website_visit@2026-01-22|content_download@2026-01-21,Disqualified,,,,,,,Not ICP,Marketing Queue
L-5322,2026-07-24,Blake,Marlow,blake.marlow@evergreenwallet.example,"Lead Data Scientist, Risk",risk_data_science,Evergreen Wallet,ACC-1290,fintech_neobank,EMEA,1405,Outbound - Unify Signals,,fraud,False,content_download@2026-07-26,Recycled,,,,,,,,Marketing Queue
L-5323,2026-01-21,Taylor,Calloway,taylor.calloway@cedarvalleysports.example,"VP, Fraud Strategy",head_of_fraud,Cedar Valley Sports,ACC-1283,gaming_prediction,NA,462,Outbound - Clay Enrichment,,fraud,True,,Converted,2026-01-23,2026-01-25,50,2026-01-27,2026-01-27,OPP-7032,,SDR - Dana Lopes
L-5324,2026-03-12,Taylor,Ellery,taylor.ellery@crescentnationalbank.example,BSA/AML Officer,bsa_aml_officer,Crescent National Bank,ACC-1080,sponsor_bank_baas,,812,Partner Referral,SI partner,fraud,False,chat_engaged@2026-03-24,Converted,2026-03-14,2026-03-14,4,2026-03-26,2026-03-27,OPP-7033,,SDR - Dana Lopes
L-5325,2026-05-11,Reese,Orwell,reese.orwell@evergreenshop.example,VP Payments,head_of_payments_product,Evergreen Shop,ACC-1032,marketplace_commerce,NA,3781,Partner Referral,Sponsor bank referral,fraud,True,regulatory_action@2026-05-25|regulatory_action@2026-05-29|demo_request@2026-05-13,Recycled,,,,,,,,Marketing Queue
L-5326,2026-04-06,Logan,Dunmore,logan.dunmore@crescentstudio.example,Consultant,unknown,Crescent Studio,ACC-1212,other,NA,498,Outbound - Unify Signals,,fraud,False,champion_job_change@2026-04-11,Disqualified,,,,,,,Not ICP,Marketing Queue
L-5327,2026-04-26,Riley,Lowry,riley.lowry@lakeshoretickets.example,"VP, Fraud Strategy",head_of_fraud,Lakeshore Tickets,ACC-1341,marketplace_commerce,NA,4990,Outbound - Clay Enrichment,,fraud,False,email_reply_positive@2026-05-13,Recycled,,,,,,,,Marketing Queue
L-5328,2026-01-27,Emerson,Marlow,emerson.marlow@pinecrestcommunitybank.example,Vendor Risk Manager,blocker_procurement,Pinecrest Community Bank,ACC-1106,regional_bank_cu,NA,404,Outbound - Clay Enrichment,,compliance,False,,Recycled,,,,,,,,Marketing Queue
L-5329,2026-09-10,Blake,Hollis,blake.hollis@clearwatertickets.example,VP Payments,head_of_payments_product,Clearwater Tickets,ACC-1167,marketplace_commerce,NA,706,Outbound - Clay Enrichment,,fraud,True,,New,,,,,,,,Marketing Queue
L-5330,2026-02-25,Quinn,Calloway,,Chief Compliance Officer,bsa_aml_officer,Highland National Bank,ACC-1087,sponsor_bank_baas,NA,1099,Webinar,,fraud,True,new_product_launch@2026-03-09,Recycled,2026-02-27,2026-02-27,3,2026-03-01,,,,SDR - Fran Moretti
L-5331,2026-09-29,Jordan,Thorne,jordanthorne@gmail.example,CISO,ciso_security,Maple Leaf Payroll,ACC-1024,b2b_saas_payroll,LATAM,5089,Demo Request,,fraud,False,demo_request@2026-10-01,New,,,,,,,,Marketing Queue
L-5332,2026-04-17,Skyler,Garrow,skyler.garrow@falconcard.example,VP Payments,head_of_payments_product,Falcon Card,ACC-1191,fintech_neobank,EMEA,3876,Demo Request,,compliance,False,demo_request@2026-04-17,Disqualified,,,,,,,Not ICP,Marketing Queue
L-5333,2026-03-01,Kendall,Garrow,kendall.garrow@crescentstudio.example,Third-Party Risk Lead,blocker_procurement,Crescent Studio,ACC-1212,other,NA,498,Event,,fraud,False,champion_job_change@2026-03-07,Disqualified,,,,,,,Not ICP,Marketing Queue
L-5334,2026-01-12,Jamie,Calloway,jamie.calloway@granitepeakcollective.example,Student,unknown,Granite Peak Collective,ACC-1165,other,NA,402,Outbound - Unify Signals,,fraud,False,demo_request@2026-01-24|unify_website_visit@2026-01-26,Disqualified,,,,,,,Not ICP,Marketing Queue
L-5335,2026-09-17,Riley,Thorne,riley.thorne@bluemesapayments.example,"Lead Data Scientist, Risk",risk_data_science,Blue Mesa Payments,ACC-1210,payments_issuing,NA,12063,Demo Request,,fraud,False,demo_request@2026-10-01|pricing_page_visit@2026-09-25,New,,,,,,,,Marketing Queue
L-5336,2026-04-04,Rowan,Quill,rowan.quill@riverbendagency.example,CISO,ciso_security,Riverbend Agency,ACC-1068,public_sector,,46958,Event,,fraud,True,champion_job_change@2026-04-19|chat_engaged@2026-04-14|demo_request@2026-04-23|fraud_team_hiring@2026-04-18,Disqualified,,,,,,,Not ICP,Marketing Queue
L-5337,2026-08-12,Reese,Garrow,reese.garrow@pinecrestagency.example,Office Manager,unknown,Pinecrest Agency,ACC-1158,other,NA,371,Content Download,,fraud,False,demo_request@2026-08-16|sardinecon_attended@2026-08-27,Disqualified,,,,,,,Bad Data,Marketing Queue
L-5338,2026-03-14,Sage,Nash,sage.nash@redwoodissuing.example,"Lead Data Scientist, Risk",risk_data_science,Redwood Issuing,ACC-1378,payments_issuing,NA,7725,Paid Social,,compliance,True,email_reply_positive@2026-03-15,Converted,2026-03-16,2026-03-16,8,2026-03-26,2026-03-31,OPP-7034,,SDR - Fran Moretti
L-5339,2026-07-19,Avery,Calloway,avery.calloway@lakeshoreagency.example,Student,unknown,Lakeshore Agency,ACC-1368,other,NA,442,Partner Referral,Sponsor bank referral,fraud,False,,Disqualified,,,,,,,Bad Data,Marketing Queue
L-5340,2026-04-03,Emerson,Jessup,emerson.jessup@crescentmarket.example,"VP, Fraud Strategy",head_of_fraud,Crescent Market,ACC-1064,marketplace_commerce,NA,9273,Partner Referral,Modulr,fraud,False,chat_engaged@2026-04-16,Recycled,2026-04-04,2026-04-04,6,2026-04-13,,,,SDR - Alex Rivera
L-5341,2026-07-17,Kendall,Nash,kendall.nash@summitridgecloud.example,VP Payments,head_of_payments_product,Summit Ridge Cloud,ACC-1184,b2b_saas_payroll,LATAM,4889,Webinar,,fraud,False,content_download@2026-08-02,Recycled,,,,,,,,Marketing Queue
L-5342,2026-03-24,Emerson,Jessup,emerson.jessup@highlandcustody.example,"VP, Fraud Strategy",head_of_fraud,Highland Custody,ACC-1388,crypto,NA,1278,Partner Referral,Modulr,compliance,True,regulatory_action@2026-04-02,Converted,2026-03-27,2026-03-27,4,2026-04-01,2026-04-05,OPP-7035,,SDR - Dana Lopes
L-5343,2026-07-26,Logan,Calloway,logan.calloway@northgateagency.example,CISO,ciso_security,Northgate Agency,ACC-1207,public_sector,NA,36403,Event,,fraud,False,webinar_attended@2026-08-15,Recycled,,,,,,,,Marketing Queue
L-5344,2026-05-15,Cameron,Brooks,cameron.brooks@tidewaternationalbank.example,Senior Fraud Analyst,fraud_ops_manager,Tidewater National Bank,ACC-1390,sponsor_bank_baas,MENA,2382,Event,,compliance,False,regulatory_action@2026-06-04,Recycled,2026-05-15,2026-05-15,8,,,,,SDR - Bri Okafor
L-5345,2026-08-26,Quinn,Alder,quinn.alder@keystonecommunitybank.example,Model Risk Manager,blocker_procurement,Keystone Community Bank,ACC-1133,regional_bank_cu,NA,4876,Webinar,,fraud,False,fraud_team_hiring@2026-09-13,Recycled,,,,,,,,Marketing Queue
L-5346,2026-03-30,Blake,Marlow,blake.marlow@tidewaterfederalcu.example,AML Investigations Lead,fraud_ops_manager,Tidewater Federal CU,ACC-1096,regional_bank_cu,NA,3556,Outbound - Unify Signals,,compliance,True,webinar_attended@2026-04-15,Recycled,2026-04-01,2026-04-01,3,2026-04-06,,,,SDR - Alex Rivera
L-5347,2026-01-05,Sage,Nash,sage.nash@falconexchange.example,Head of Fraud,head_of_fraud,Falcon Exchange,ACC-1086,crypto,NA,3679,Demo Request,,compliance,False,demo_request@2026-01-18,Converted,2026-01-06,2026-01-06,3,2026-01-10,2026-01-10,OPP-7036,,SDR - Bri Okafor
L-5348,2026-04-08,Kendall,Dunmore,kendall.dunmore@stonebridgepayments.example,"Director, Fraud Risk",head_of_fraud,Stonebridge Payments,ACC-1102,payments_issuing,NA,14244,Content Download,,fraud,True,content_download@2026-04-22,Recycled,2026-04-08,2026-04-08,6,2026-04-10,,,,SDR - Gabi Souza
L-5349,2026-02-05,Riley,Garrow,,Office Manager,unknown,Arbor Consulting,ACC-1051,other,NA,323,Paid Social,,fraud,False,demo_request@2026-02-23|email_reply_positive@2026-02-06,Disqualified,,,,,,,Student/Job Seeker,Marketing Queue
L-5350,2026-08-12,Jamie,Lowry,jamie.lowry@summitridgechain.example,"Director, Fraud Risk",head_of_fraud,Summit Ridge Chain,ACC-1387,crypto,,2799,Event,,compliance,True,sardinecon_attended@2026-08-22,Disqualified,,,,,,,Not ICP,Marketing Queue
L-5351,2026-01-18,Sage,Nash,,"Director, Card Products",head_of_payments_product,Clearwater Wallet,ACC-1205,fintech_neobank,NA,1809,Demo Request,,fraud,False,demo_request@2026-01-25|sardinecon_attended@2026-02-01|fraud_team_hiring@2026-02-02,Disqualified,2026-01-20,2026-01-20,1,,,,Bad Data,SDR - Dana Lopes
L-5352,2026-02-15,Rowan,Jessup,rowan.jessup@oakmontcreditunion.example,Vendor Risk Manager,blocker_procurement,Oakmont Credit Union,ACC-1204,regional_bank_cu,NA,1181,Event,,compliance,False,regulatory_action@2026-02-18,Disqualified,2026-02-15,2026-02-15,6,,,,Competitor,SDR - Dana Lopes
L-5353,2026-05-08,Riley,Nash,riley.nash@tidewaterchain.example,Senior Fraud Analyst,fraud_ops_manager,Tidewater Chain,ACC-1339,crypto,MENA,2009,Content Download,,fraud,False,email_reply_positive@2026-05-10,Disqualified,,,,,,,Not ICP,Marketing Queue
L-5354,2026-03-09,Kendall,Calloway,kendall.calloway@oakmontstudio.example,Model Risk Manager,blocker_procurement,Oakmont Studio,ACC-1243,other,NA,39,Webinar,,fraud,False,champion_job_change@2026-03-24|chat_engaged@2026-03-19|unify_website_visit@2026-03-27,Recycled,,,,,,,,Marketing Queue
L-5355,2026-05-04,Riley,Calloway,riley.calloway@lakeshorecollective.example,Student,unknown,Lakeshore Collective,ACC-1438,other,EMEA,430,Content Download,,fraud,False,webinar_attended@2026-05-06,Disqualified,,,,,,,Not ICP,Marketing Queue
L-5356,2026-07-18,Taylor,Marlow,taylor.marlow@riverbendcloud.example,VP Payments,head_of_payments_product,Riverbend Cloud,ACC-1436,b2b_saas_payroll,NA,9438,Website Chat,,fraud,False,chat_engaged@2026-08-04,Recycled,2026-07-19,2026-07-21,50,,,,,SDR - Eli Novak
L-5357,2026-06-15,Reese,Ellery,reese.ellery@riverbendcloud.example,"Director, Card Products",head_of_payments_product,Riverbend Cloud,ACC-1436,b2b_saas_payroll,NA,9438,Webinar,,fraud,False,webinar_attended@2026-06-22|regulatory_action@2026-06-29|pricing_page_visit@2026-07-04,Recycled,,,,,,,,Marketing Queue
L-5358,2026-05-25,Jordan,Kestrel,jordan.kestrel@arborpayroll.example,Head of Fraud,head_of_fraud,Arbor Payroll,ACC-1352,b2b_saas_payroll,APAC,3068,Outbound - Clay Enrichment,,fraud,False,unify_website_visit@2026-06-09|webinar_attended@2026-06-06,Disqualified,,,,,,,Not ICP,Marketing Queue
L-5359,2026-09-11,Avery,Rourke,avery.rourke@highlandconsulting.example,Office Manager,unknown,Highland Consulting,ACC-1443,other,NA,132,Outbound - Unify Signals,,fraud,False,champion_job_change@2026-09-16,Disqualified,,,,,,,Student/Job Seeker,Marketing Queue
L-5360,2026-05-29,Skyler,Sutter,skyler.sutter@bluemesabaas.example,"Director, Fraud Risk",head_of_fraud,Blue Mesa BaaS,ACC-1036,sponsor_bank_baas,NA,1834,Content Download,,fraud,True,new_product_launch@2026-06-10|chat_engaged@2026-06-02,Converted,2026-05-30,2026-05-30,3,2026-06-08,2026-06-09,OPP-7037,,SDR - Bri Okafor
L-5361,2026-07-09,Jordan,Dunmore,jordan.dunmore@crescenttickets.example,"VP, Fraud Strategy",head_of_fraud,Crescent Tickets,ACC-1376,marketplace_commerce,EMEA,5797,Demo Request,,fraud,True,demo_request@2026-07-21|content_download@2026-07-14,Recycled,,,,,,,,Marketing Queue
L-5362,2026-03-22,Rowan,Pruitt,rowan.pruitt@ironwoodbooks.example,"Head of Product, Onboarding",head_of_payments_product,Ironwood Books,ACC-1303,b2b_saas_payroll,NA,2188,Outbound - Unify Signals,,fraud,False,chat_engaged@2026-03-29,Disqualified,2026-03-25,2026-03-25,2,,,,Student/Job Seeker,SDR - Chen Wu
L-5363,2026-03-05,Jamie,Alder,jamie.alder@sterlingcard.example,Head of Fraud,head_of_fraud,Sterling Card,ACC-1005,fintech_neobank,NA,3152,Demo Request,,fraud,True,demo_request@2026-03-21,Recycled,2026-03-05,2026-03-05,3,2026-03-17,,,,SDR - Alex Rivera
L-5364,2026-04-09,Parker,Calloway,parker.calloway@oakmontissuing.example,"VP, Fraud Strategy",head_of_fraud,Oakmont Issuing,ACC-1166,payments_issuing,,12692,Outbound - Unify Signals,,compliance,True,demo_request@2026-04-21|new_product_launch@2026-04-26|email_reply_positive@2026-04-25,Recycled,2026-04-10,2026-04-10,2,2026-04-21,,,,SDR - Gabi Souza
L-5365,2026-01-25,Drew,Brooks,drew.brooks@tidewatermoney.example,Head of Fraud,head_of_fraud,Tidewater Money,ACC-1160,fintech_neobank,NA,4950,Webinar,,fraud,False,champion_job_change@2026-01-30|chat_engaged@2026-02-11,Recycled,2026-01-26,2026-01-26,20,,,,,SDR - Eli Novak
L-5366,2026-08-20,Kendall,Rourke,kendall.rourke@stonebridgecollective.example,Student,unknown,Stonebridge Collective,ACC-1400,other,NA,105,Webinar,,fraud,False,competitor_renewal_window@2026-08-30|new_product_launch@2026-08-31,Disqualified,,,,,,,Not ICP,Marketing Queue
L-5367,2026-04-25,Casey,Thorne,casey.thorne@riverbendstudio.example,Office Manager,unknown,Riverbend Studio,ACC-1072,other,EMEA,209,Webinar,,fraud,False,unify_website_visit@2026-05-13|sardinecon_attended@2026-05-03,Disqualified,,,,,,,Bad Data,Marketing Queue
L-5368,2026-05-15,Taylor,Lowry,taylor.lowry@redwoodbancorp.example,"Director, Fraud Risk",head_of_fraud,Redwood Bancorp,ACC-1233,tier1_bank,,107669,Outbound - Unify Signals,,compliance,False,pricing_page_visit@2026-06-01|unify_website_visit@2026-05-17|champion_job_change@2026-05-23|champion_job_change@2026-06-04,Disqualified,2026-05-16,2026-05-16,8,,,,Existing Open Opp,SDR - Bri Okafor
L-5369,2026-03-09,Morgan,Lowry,morgan.lowry@evergreenbanktrust.example,"VP, Fraud Strategy",head_of_fraud,Evergreen Bank & Trust,ACC-1039,sponsor_bank_baas,,1240,Partner Referral,Helix by Q2,compliance,False,content_download@2026-03-11|sardinecon_attended@2026-03-29,Recycled,,,,,,,,Marketing Queue
L-5370,2026-02-27,Logan,Pruitt,logan.pruitt@bluemesamarket.example,VP Payments,head_of_payments_product,Blue Mesa Market,ACC-1113,marketplace_commerce,NA,7118,Demo Request,,fraud,False,demo_request@2026-03-08,Recycled,,,,,,,,Marketing Queue
L-5371,2026-06-16,Blake,Rourke,blake.rourke@mapleleafpayroll.example,"Director, Fraud Risk",head_of_fraud,Maple Leaf Payroll,ACC-1024,b2b_saas_payroll,,5089,Outbound - Unify Signals,,fraud,False,,Recycled,,,,,,,,Marketing Queue
L-5372,2026-03-10,Jordan,Lowry,jordan.lowry@copperstateissuing.example,"Head of Product, Onboarding",head_of_payments_product,Copper State Issuing,ACC-1365,payments_issuing,EMEA,7356,Webinar,,fraud,False,competitor_renewal_window@2026-03-18,Recycled,,,,,,,,Marketing Queue
L-5373,2026-05-26,Reese,Calloway,reese.calloway@lakeshorebancorp.example,Chief Risk Officer,chief_risk_officer,Lakeshore Bancorp,ACC-1257,tier1_bank,APAC,135473,Outbound - Unify Signals,,fraud,True,competitor_renewal_window@2026-06-02,Disqualified,,,,,,,Not ICP,Marketing Queue
L-5374,2026-02-17,Casey,Pruitt,casey.pruitt@oakmontmarket.example,Head of Fraud,head_of_fraud,Oakmont Market,ACC-1084,marketplace_commerce,EMEA,12406,Paid Social,,fraud,False,regulatory_action@2026-02-17|content_download@2026-03-05,Recycled,,,,,,,,Marketing Queue
L-5375,2026-01-08,Kendall,Brooks,kendall.brooks@lakeshorewallet.example,"Head of Product, Onboarding",head_of_payments_product,Lakeshore Wallet,ACC-1315,fintech_neobank,NA,288,Outbound - Unify Signals,,compliance,False,competitor_renewal_window@2026-01-19|unify_website_visit@2026-01-24,Recycled,2026-01-10,2026-01-10,3,,,,,SDR - Bri Okafor
L-5376,2026-06-27,Drew,Garrow,drewgarrow@gmail.example,"Director, Fraud Risk",head_of_fraud,Falcon Card,ACC-1191,fintech_neobank,EMEA,3876,Content Download,,fraud,False,email_reply_positive@2026-06-30|webinar_attended@2026-07-06|regulatory_action@2026-07-06,Recycled,2026-06-29,2026-07-01,50,,,,,SDR - Gabi Souza
L-5377,2026-07-06,Avery,Lowry,avery.lowry@clearwaterplay.example,Head of Fraud,head_of_fraud,Clearwater Play,ACC-1249,gaming_prediction,MENA,222,Website Chat,,fraud,False,chat_engaged@2026-07-15|sardinecon_attended@2026-07-09,Recycled,2026-07-06,2026-07-06,20,,,,,SDR - Dana Lopes
L-5378,2026-01-08,Cameron,Jessup,cameron.jessup@unionsquareconsulting.example,Office Manager,unknown,Union Square Consulting,ACC-1063,other,LATAM,112,Webinar,,fraud,False,webinar_attended@2026-01-15|regulatory_action@2026-01-20,Disqualified,,,,,,,Student/Job Seeker,Marketing Queue
L-5379,2026-03-28,Cameron,Garrow,cameron.garrow@summitridgeexchange.example,"VP, Fraud Strategy",head_of_fraud,Summit Ridge Exchange,ACC-1336,crypto,NA,1856,Webinar,,compliance,True,content_download@2026-03-28,Recycled,2026-03-30,2026-03-30,1,2026-04-04,,,,SDR - Alex Rivera
L-5380,2026-09-15,Sage,Marlow,sage.marlow@stonebridgecommerce.example,"Head of Product, Onboarding",head_of_payments_product,Stonebridge Commerce,ACC-1215,marketplace_commerce,NA,9887,Webinar,,fraud,False,email_reply_positive@2026-09-27,New,,,,,,,,Marketing Queue
L-5381,2026-05-06,Hayden,Pruitt,hayden.pruitt@northgatewallet.example,"Director, Fraud Risk",head_of_fraud,Northgate Wallet,ACC-1256,fintech_neobank,NA,3508,Website Chat,,fraud,False,chat_engaged@2026-05-19|fraud_team_hiring@2026-05-06,Recycled,2026-05-07,2026-05-09,50,2026-05-15,,,,SDR - Bri Okafor
L-5382,2026-04-16,Kendall,Fairbanks,kendall.fairbanks@lakeshoretickets.example,"Head of Product, Onboarding",head_of_payments_product,Lakeshore Tickets,ACC-1341,marketplace_commerce,NA,4990,Outbound - Clay Enrichment,,fraud,False,email_reply_positive@2026-04-19|competitor_renewal_window@2026-05-02,Recycled,,,,,,,,Marketing Queue
L-5383,2026-04-13,Morgan,Brooks,morgan.brooks@northgateauthority.example,"Director, Information Security",ciso_security,Northgate Authority,ACC-1019,public_sector,NA,11484,Webinar,,fraud,False,fraud_team_hiring@2026-04-19,Disqualified,,,,,,,Not ICP,Marketing Queue
L-5384,2026-01-31,Cameron,Ingram,cameron.ingram@lakeshoreprocessing.example,"SVP, Enterprise Risk",chief_risk_officer,Lakeshore Processing,ACC-1031,payments_issuing,EMEA,13274,Paid Social,,compliance,False,,Recycled,2026-01-31,2026-01-31,3,2026-02-02,,,,SDR - Dana Lopes
L-5385,2026-02-25,Parker,Lowry,parker.lowry@unionsquaresavingsbank.example,Model Risk Manager,blocker_procurement,Union Square Savings Bank,ACC-1143,regional_bank_cu,NA,4812,Outbound - Unify Signals,,compliance,False,,Disqualified,,,,,,,Not ICP,Marketing Queue
L-5386,2026-07-14,Riley,Ellery,riley.ellery@summitridgepay.example,BSA/AML Officer,bsa_aml_officer,Summit Ridge Pay,ACC-1414,fintech_neobank,EMEA,717,Content Download,,compliance,False,unify_website_visit@2026-08-01|content_download@2026-07-16,Disqualified,,,,,,,Competitor,Marketing Queue
L-5387,2026-02-24,Jordan,Ellery,jordan.ellery@arbordigitalassets.example,"VP, Fraud Strategy",head_of_fraud,Arbor Digital Assets,ACC-1360,crypto,NA,1621,Demo Request,,fraud,True,demo_request@2026-03-06|webinar_attended@2026-03-11|email_reply_positive@2026-03-02|new_product_launch@2026-02-28,Disqualified,,,,,,,Competitor,Marketing Queue
L-5388,2026-08-16,Avery,Fairbanks,avery.fairbanks@riverbendshop.example,"Director, Fraud Risk",head_of_fraud,Riverbend Shop,ACC-1229,marketplace_commerce,EMEA,8057,Demo Request,,fraud,False,demo_request@2026-09-01,Working,2026-08-16,2026-08-16,1,,,,,SDR - Gabi Souza
L-5389,2026-09-24,Rowan,Rourke,rowan.rourke@cedarvalleypredict.example,"Director, Financial Crimes Compliance",bsa_aml_officer,Cedar Valley Predict,ACC-1203,gaming_prediction,EMEA,1272,Demo Request,,fraud,False,demo_request@2026-10-01,Working,2026-09-25,2026-09-25,1,,,,,SDR - Alex Rivera
L-5390,2026-08-26,Drew,Rourke,drew.rourke@mapleleafconsulting.example,Vendor Risk Manager,blocker_procurement,Maple Leaf Consulting,ACC-1404,other,LATAM,43,Partner Referral,Sponsor bank referral,fraud,False,unify_website_visit@2026-09-04,Disqualified,,,,,,,Student/Job Seeker,Marketing Queue
L-5391,2026-05-23,Avery,Lowry,avery.lowry@pinecrestdigitalassets.example,BSA/AML Officer,bsa_aml_officer,Pinecrest Digital Assets,ACC-1142,crypto,LATAM,3435,Website Chat,,fraud,True,chat_engaged@2026-05-29|new_product_launch@2026-05-26,Converted,2026-05-25,2026-05-25,3,2026-06-05,2026-06-05,OPP-7038,,SDR - Gabi Souza
L-5392,2026-05-28,Logan,Dunmore,logan.dunmore@prairiefirstwallet.example,"Head of Product, Onboarding",head_of_payments_product,Prairie First Wallet,ACC-1182,fintech_neobank,NA,2458,Webinar,,fraud,True,demo_request@2026-06-14,Disqualified,,,,,,,Competitor,Marketing Queue
L-5393,2026-05-22,Jamie,Nash,jamie.nash@granitepeakgames.example,"Director, Financial Crimes Compliance",bsa_aml_officer,Granite Peak Games,ACC-1112,gaming_prediction,EMEA,667,Content Download,,fraud,False,email_reply_positive@2026-06-03|pricing_page_visit@2026-06-05,Converted,2026-05-23,2026-05-24,30,2026-06-08,2026-06-12,OPP-7039,,SDR - Bri Okafor
L-5394,2026-01-15,Quinn,Marlow,quinn.marlow@summitridgepayments.example,Head of Risk Analytics,risk_data_science,Summit Ridge Payments,ACC-1331,payments_issuing,NA,11113,Paid Social,,compliance,False,,Disqualified,2026-01-16,2026-01-17,30,,,,Not ICP,SDR - Fran Moretti
L-5395,2026-02-25,Jordan,Ellery,jordan.ellery@oakmonttickets.example,"VP, Fraud Strategy",head_of_fraud,Oakmont Tickets,ACC-1384,marketplace_commerce,NA,2447,Outbound - Unify Signals,,fraud,False,chat_engaged@2026-02-25,Recycled,2026-02-25,2026-02-25,1,,,,,SDR - Gabi Souza
L-5396,2026-04-18,Quinn,Jessup,quinn.jessup@highlandtickets.example,"Director, Fraud Risk",head_of_fraud,Highland Tickets,ACC-1362,marketplace_commerce,NA,2036,Webinar,,fraud,False,fraud_team_hiring@2026-05-02,Converted,2026-04-20,2026-04-22,50,2026-05-07,2026-05-11,OPP-7040,,SDR - Gabi Souza
L-5397,2026-01-05,Hayden,Marlow,hayden.marlow@crescentstudio.example,Marketing Coordinator,unknown,Crescent Studio,ACC-1212,other,NA,498,Content Download,,fraud,False,,Disqualified,,,,,,,Bad Data,Marketing Queue
L-5398,2026-03-02,Reese,Lowry,reese.lowry@copperstatecard.example,VP Payments,head_of_payments_product,Copper State Card,ACC-1251,fintech_neobank,EMEA,468,Content Download,,fraud,False,,Disqualified,,,,,,,Not ICP,Marketing Queue
L-5399,2026-06-25,Cameron,Dunmore,cameron.dunmore@northgateneo.example,Head of Risk Analytics,risk_data_science,Northgate Neo,ACC-1219,fintech_neobank,NA,739,Webinar,,fraud,True,pricing_page_visit@2026-07-04|fraud_team_hiring@2026-07-04,Disqualified,,,,,,,Competitor,Marketing Queue
L-5400,2026-03-21,Emerson,Pruitt,emerson.pruitt@keystonecollective.example,Marketing Coordinator,unknown,Keystone Collective,ACC-1441,other,NA,477,Event,,fraud,False,,Disqualified,,,,,,,Bad Data,Marketing Queue
L-5401,2026-04-08,Parker,Nash,parker.nash@granitepeakcollective.example,Office Manager,unknown,Granite Peak Collective,ACC-1165,other,NA,402,Outbound - Unify Signals,,fraud,False,regulatory_action@2026-04-21,Disqualified,,,,,,,Bad Data,Marketing Queue
L-5402,2026-09-16,Morgan,Sutter,morgan.sutter@oakmontagency.example,Vendor Risk Manager,blocker_procurement,Oakmont Agency,ACC-1214,other,NA,145,Partner Referral,SI partner,fraud,False,unify_website_visit@2026-09-28,New,,,,,,,,Marketing Queue
L-5403,2026-01-06,Cameron,Ellery,cameron.ellery@oakmontdigitalassets.example,"Director, Fraud Risk",head_of_fraud,Oakmont Digital Assets,ACC-1120,crypto,NA,1503,Content Download,,fraud,False,demo_request@2026-01-17|new_product_launch@2026-01-21|pricing_page_visit@2026-01-09|demo_request@2026-01-17,Recycled,2026-01-07,2026-01-07,1,,,,,SDR - Bri Okafor
L-5404,2026-01-18,Logan,Calloway,logan.calloway@prairiefirstgames.example,AML Investigations Lead,fraud_ops_manager,Prairie First Games,ACC-1193,gaming_prediction,EMEA,78,Outbound - Unify Signals,,fraud,False,competitor_renewal_window@2026-01-21,Converted,2026-01-19,2026-01-19,8,2026-01-24,2026-01-28,OPP-7041,,SDR - Bri Okafor
L-5405,2026-09-02,Skyler,Orwell,skyler.orwell@riverbendprocessing.example,VP Payments,head_of_payments_product,Riverbend Processing,ACC-1391,payments_issuing,NA,2790,Webinar,,fraud,False,competitor_renewal_window@2026-09-11|regulatory_action@2026-09-15,Working,2026-09-02,2026-09-02,1,,,,,SDR - Alex Rivera
L-5406,2026-08-25,Drew,Calloway,drew.calloway@summitridgeshop.example,VP Payments,head_of_payments_product,Summit Ridge Shop,ACC-1202,marketplace_commerce,NA,2101,Partner Referral,Sponsor bank referral,fraud,False,new_product_launch@2026-09-03|competitor_renewal_window@2026-09-01|content_download@2026-08-30,Working,2026-08-26,2026-08-26,20,,,,,SDR - Gabi Souza
L-5407,2026-09-01,Rowan,Fairbanks,rowan.fairbanks@highlandmarket.example,Head of Fraud,head_of_fraud,Highland Market,ACC-1381,marketplace_commerce,NA,824,Outbound - Clay Enrichment,,fraud,False,champion_job_change@2026-09-13,SQL,2026-09-03,2026-09-03,2,2026-09-10,,,,SDR - Bri Okafor
L-5408,2026-02-28,Taylor,Rourke,taylor.rourke@evergreenmerchantservices.example,"Head of Product, Onboarding",head_of_payments_product,Evergreen Merchant Services,ACC-1144,payments_issuing,,9120,Demo Request,,compliance,False,demo_request@2026-03-09,Converted,2026-02-28,2026-03-01,30,2026-03-08,2026-03-10,OPP-7042,,SDR - Gabi Souza
L-5409,2026-09-18,Casey,Dunmore,casey.dunmore@evergreenmerchantservices.example,Chief Risk Officer,chief_risk_officer,Evergreen Merchant Services,ACC-1144,payments_issuing,EMEA,9120,Content Download,,compliance,False,content_download@2026-09-29,Working,2026-09-19,2026-09-19,1,,,,,SDR - Chen Wu
L-5410,2026-08-30,Sage,Quill,sage.quill@pinecrestcommerce.example,"Director, Information Security",ciso_security,Pinecrest Commerce,ACC-1082,marketplace_commerce,NA,7344,Demo Request,,fraud,False,demo_request@2026-09-06|unify_website_visit@2026-09-19|pricing_page_visit@2026-09-04,Working,2026-09-01,2026-09-02,30,,,,,SDR - Eli Novak
L-5411,2026-01-25,Morgan,Ellery,morgan.ellery@lakeshorecollective.example,Consultant,unknown,Lakeshore Collective,ACC-1438,other,EMEA,430,Outbound - Unify Signals,,fraud,False,fraud_team_hiring@2026-02-13,Disqualified,,,,,,,Not ICP,Marketing Queue
L-5412,2026-09-17,Quinn,Calloway,quinn.calloway@harborviewcard.example,"VP, Fraud Strategy",head_of_fraud,Harborview Card,ACC-1280,fintech_neobank,EMEA,2864,Demo Request,,compliance,True,demo_request@2026-09-26,Working,2026-09-20,2026-09-20,6,,,,,SDR - Fran Moretti
L-5413,2026-09-11,Hayden,Thorne,hayden.thorne@harborviewmoney.example,"Director, Fraud Risk",head_of_fraud,Harborview Money,ACC-1071,fintech_neobank,NA,2322,Website Chat,,fraud,False,chat_engaged@2026-09-23,Converted,2026-09-13,2026-09-13,8,2026-09-21,2026-09-23,OPP-7043,,SDR - Alex Rivera
L-5414,2026-05-10,Riley,Jessup,riley.jessup@highlandpayments.example,"VP, Fraud Strategy",head_of_fraud,Highland Payments,ACC-1317,payments_issuing,NA,13819,Partner Referral,Helix by Q2,compliance,False,,Recycled,2026-05-13,2026-05-13,2,2026-05-22,,,,SDR - Alex Rivera
L-5415,2026-03-01,Skyler,Kestrel,skyler.kestrel@harborviewnationalbank.example,"SVP, Enterprise Risk",chief_risk_officer,Harborview National Bank,ACC-1043,sponsor_bank_baas,NA,1963,Outbound - Unify Signals,,fraud,True,unify_website_visit@2026-03-13|sardinecon_attended@2026-03-03,Disqualified,2026-03-04,2026-03-04,1,,,,Competitor,SDR - Eli Novak
L-5416,2026-02-05,Avery,Nash,avery.nash@arborissuing.example,Chief Risk Officer,chief_risk_officer,Arbor Issuing,ACC-1016,payments_issuing,NA,4775,Event,,compliance,True,regulatory_action@2026-02-11|demo_request@2026-02-11,Recycled,2026-02-07,2026-02-07,20,2026-02-22,,,,SDR - Fran Moretti
L-5417,2026-02-01,Cameron,Nash,cameron.nash@summitridgecard.example,"Director, Card Products",head_of_payments_product,Summit Ridge Card,ACC-1132,fintech_neobank,APAC,3953,Demo Request,,compliance,True,demo_request@2026-02-11|email_reply_positive@2026-02-10|pricing_page_visit@2026-02-07,Recycled,,,,,,,,Marketing Queue
L-5418,2026-04-16,Skyler,Alder,skyler.alder@tidewatercloud.example,Head of Fraud,head_of_fraud,Tidewater Cloud,ACC-1199,b2b_saas_payroll,NA,2731,Demo Request,,fraud,False,demo_request@2026-05-05|pricing_page_visit@2026-04-26,Disqualified,2026-04-18,2026-04-18,2,,,,Student/Job Seeker,SDR - Dana Lopes
L-5419,2026-08-23,Hayden,Rourke,hayden.rourke@sterlingstudio.example,Marketing Coordinator,unknown,Sterling Studio,ACC-1426,other,NA,49,Demo Request,,fraud,False,demo_request@2026-08-29,Disqualified,,,,,,,Not ICP,Marketing Queue
L-5420,2026-01-13,Hayden,Nash,hayden.nash@tidewatersavingsbank.example,Chief Risk Officer,chief_risk_officer,Tidewater Savings Bank,ACC-1189,regional_bank_cu,NA,4498,Paid Social,,fraud,False,new_product_launch@2026-01-16|competitor_renewal_window@2026-01-28|champion_job_change@2026-01-27,Disqualified,2026-01-15,2026-01-15,2,,,,Existing Open Opp,SDR - Eli Novak
L-5421,2026-05-30,Riley,Calloway,riley.calloway@prairiefirstcommerce.example,"Director, Card Products",head_of_payments_product,Prairie First Commerce,ACC-1223,marketplace_commerce,NA,4664,Outbound - Unify Signals,,fraud,False,competitor_renewal_window@2026-06-18|chat_engaged@2026-06-01,Recycled,2026-06-02,2026-06-04,50,2026-06-13,,,,SDR - Chen Wu
L-5422,2026-04-23,Parker,Dunmore,parker.dunmore@riverbendcloud.example,"Head of Product, Onboarding",head_of_payments_product,Riverbend Cloud,ACC-1436,b2b_saas_payroll,NA,9438,Content Download,,fraud,False,new_product_launch@2026-05-05|chat_engaged@2026-04-29,Recycled,2026-04-26,2026-04-26,1,,,,,SDR - Fran Moretti
L-5423,2026-08-05,Hayden,Brooks,haydenbrooks@gmail.example,"SVP, Enterprise Risk",chief_risk_officer,Sterling Federal CU,ACC-1135,regional_bank_cu,NA,1998,Content Download,,fraud,False,,Recycled,,,,,,,,Marketing Queue
L-5424,2026-08-13,Rowan,Brooks,rowan.brooks@pinecrestpayroll.example,Head of Fraud,head_of_fraud,Pinecrest Payroll,ACC-1171,b2b_saas_payroll,LATAM,11248,Content Download,,fraud,False,content_download@2026-08-19|fraud_team_hiring@2026-09-02,Working,2026-08-16,2026-08-16,3,,,,,SDR - Dana Lopes
L-5425,2026-03-10,Drew,Rourke,drew.rourke@riverbendbooks.example,"Director, Fraud Risk",head_of_fraud,Riverbend Books,ACC-1118,b2b_saas_payroll,,1619,Partner Referral,Helix by Q2,fraud,False,email_reply_positive@2026-03-22|email_reply_positive@2026-03-30,Recycled,2026-03-10,2026-03-10,20,2026-03-24,,,,SDR - Eli Novak
L-5426,2026-07-19,Cameron,Fairbanks,cameron.fairbanks@cedarvalleydepartment.example,Third-Party Risk Lead,blocker_procurement,Cedar Valley Department,ACC-1040,public_sector,NA,37066,Website Chat,,fraud,True,chat_engaged@2026-08-02|champion_job_change@2026-08-08,Recycled,,,,,,,,Marketing Queue
L-5427,2026-01-31,Casey,Alder,casey.alder@redwoodhr.example,"Head of Product, Onboarding",head_of_payments_product,Redwood HR,ACC-1394,b2b_saas_payroll,NA,5655,Paid Social,,fraud,False,,Converted,2026-02-03,2026-02-03,2,2026-02-09,2026-02-10,OPP-7044,,SDR - Gabi Souza
L-5428,2026-07-24,Morgan,Pruitt,morgan.pruitt@unionsquarecard.example,VP Payments,head_of_payments_product,Union Square Card,ACC-1185,fintech_neobank,NA,1597,Demo Request,,fraud,False,demo_request@2026-08-06,Recycled,2026-07-26,2026-07-27,30,,,,,SDR - Fran Moretti
L-5429,2026-01-21,Drew,Dunmore,drew.dunmore@evergreenwallet.example,Head of Risk Analytics,risk_data_science,Evergreen Wallet,ACC-1290,fintech_neobank,EMEA,1405,Demo Request,,compliance,False,demo_request@2026-02-05|fraud_team_hiring@2026-02-09|new_product_launch@2026-01-21|pricing_page_visit@2026-02-06,Recycled,2026-01-22,2026-01-22,4,,,,,SDR - Chen Wu
L-5430,2026-02-16,Morgan,Lowry,morgan.lowry@prairiefirststudio.example,Office Manager,unknown,Prairie First Studio,ACC-1070,other,LATAM,451,Webinar,,fraud,False,regulatory_action@2026-02-22,Disqualified,,,,,,,Student/Job Seeker,Marketing Queue
L-5431,2026-04-03,Logan,Sutter,logan.sutter@prairiefirstchain.example,Head of Fraud,head_of_fraud,Prairie First Chain,ACC-1098,crypto,EMEA,3545,Content Download,,fraud,False,competitor_renewal_window@2026-04-11|content_download@2026-04-06,Disqualified,2026-04-06,2026-04-06,20,,,,Duplicate,SDR - Eli Novak
L-5432,2026-04-17,Emerson,Fairbanks,emerson.fairbanks@highlandmerchantservices.example,"SVP, Enterprise Risk",chief_risk_officer,Highland Merchant Services,ACC-1196,payments_issuing,EMEA,4023,Event,,fraud,True,champion_job_change@2026-04-19,Recycled,,,,,,,,Marketing Queue
L-5433,2026-03-04,Cameron,Lowry,cameron.lowry@cedarvalleypredict.example,"Director, Fraud Risk",head_of_fraud,Cedar Valley Predict,ACC-1203,gaming_prediction,EMEA,1272,Webinar,,fraud,False,content_download@2026-03-09|sardinecon_attended@2026-03-11|chat_engaged@2026-03-10,Recycled,2026-03-04,2026-03-04,8,2026-03-15,,,,SDR - Alex Rivera
L-5434,2026-04-23,Drew,Thorne,drew.thorne@silverlinecollective.example,Office Manager,unknown,Silverline Collective,ACC-1197,other,NA,125,Partner Referral,Modulr,fraud,False,,Disqualified,,,,,,,Bad Data,Marketing Queue
L-5435,2026-06-16,Jordan,Pruitt,jordan.pruitt@bluemesaprocessing.example,"SVP, Enterprise Risk",chief_risk_officer,Blue Mesa Processing,ACC-1349,payments_issuing,NA,18233,Event,,fraud,False,,Disqualified,2026-06-19,2026-06-19,3,,,,Competitor,SDR - Alex Rivera
L-5436,2026-01-07,Blake,Quill,blake.quill@westfieldwallet.example,"Director, Fraud Data Science",risk_data_science,Westfield Wallet,ACC-1329,fintech_neobank,NA,832,Outbound - Clay Enrichment,,compliance,True,content_download@2026-01-08,Disqualified,,,,,,,No Use Case,Marketing Queue
L-5437,2026-07-28,Rowan,Jessup,rowan.jessup@clearwaterexchange.example,Head of Fraud,head_of_fraud,Clearwater Exchange,ACC-1162,crypto,,1272,Demo Request,,compliance,False,demo_request@2026-08-12|fraud_team_hiring@2026-07-29,Disqualified,,,,,,,Not ICP,Marketing Queue
L-5438,2026-03-17,Blake,Alder,blake.alder@westfieldfederalcu.example,Chief Compliance Officer,bsa_aml_officer,Westfield Federal CU,ACC-1422,regional_bank_cu,NA,2823,Demo Request,,fraud,True,demo_request@2026-03-30|unify_website_visit@2026-03-22|chat_engaged@2026-03-23|competitor_renewal_window@2026-03-28,Recycled,,,,,,,,Marketing Queue
L-5439,2026-06-22,Logan,Orwell,logan.orwell@bayfrontsavingsbank.example,Chief Risk Officer,chief_risk_officer,Bayfront Savings Bank,ACC-1038,regional_bank_cu,NA,1045,Outbound - Unify Signals,,compliance,True,pricing_page_visit@2026-06-26,Disqualified,,,,,,,No Use Case,Marketing Queue
L-5440,2026-05-08,Jamie,Calloway,jamie.calloway@silverlinepayroll.example,CISO,ciso_security,Silverline Payroll,ACC-1267,b2b_saas_payroll,EMEA,4669,Outbound - Clay Enrichment,,fraud,False,webinar_attended@2026-05-18|email_reply_positive@2026-05-23,Recycled,2026-05-09,2026-05-09,4,,,,,SDR - Bri Okafor
L-5441,2026-04-25,Sage,Quill,sage.quill@westfielddepartment.example,Model Risk Manager,blocker_procurement,Westfield Department,ACC-1006,public_sector,NA,3847,Outbound - Clay Enrichment,,fraud,False,unify_website_visit@2026-05-10|chat_engaged@2026-05-05|unify_website_visit@2026-05-13,Recycled,,,,,,,,Marketing Queue
L-5442,2026-04-27,Sage,Garrow,sage.garrow@clearwaterbaas.example,"SVP, Enterprise Risk",chief_risk_officer,Clearwater BaaS,ACC-1054,sponsor_bank_baas,EMEA,2605,Event,,fraud,False,regulatory_action@2026-05-16,Converted,2026-04-29,2026-04-29,2,2026-05-15,2026-05-15,OPP-7045,,SDR - Bri Okafor
L-5443,2026-09-05,Morgan,Lowry,morgan.lowry@arborneo.example,"VP, Fraud Strategy",head_of_fraud,Arbor Neo,ACC-1136,fintech_neobank,NA,4861,Partner Referral,SI partner,fraud,False,chat_engaged@2026-09-22,Converted,2026-09-05,2026-09-06,30,2026-09-09,2026-09-12,OPP-7046,,SDR - Bri Okafor
L-5444,2026-07-30,Hayden,Dunmore,hayden.dunmore@crescentpay.example,VP Payments,head_of_payments_product,Crescent Pay,ACC-1150,fintech_neobank,LATAM,2741,Webinar,,compliance,True,new_product_launch@2026-08-18|regulatory_action@2026-08-15,Recycled,2026-07-30,2026-07-30,1,,,,,SDR - Chen Wu
L-5445,2026-07-31,Parker,Garrow,parker.garrow@bluemesasports.example,Fraud Operations Manager,fraud_ops_manager,Blue Mesa Sports,ACC-1115,gaming_prediction,MENA,1351,Outbound - Unify Signals,,fraud,False,unify_website_visit@2026-08-08,Disqualified,,,,,,,No Use Case,Marketing Queue
L-5446,2026-09-06,Quinn,Fairbanks,quinn.fairbanks@evergreenpay.example,Head of Risk Analytics,risk_data_science,Evergreen Pay,ACC-1094,fintech_neobank,EMEA,1960,Paid Social,,compliance,True,competitor_renewal_window@2026-09-13|pricing_page_visit@2026-09-16|champion_job_change@2026-09-08,New,,,,,,,,Marketing Queue
L-5447,2026-02-13,Logan,Alder,logan.alder@bluemesacollective.example,Consultant,unknown,Blue Mesa Collective,ACC-1090,other,NA,242,Webinar,,fraud,False,demo_request@2026-03-04|sardinecon_attended@2026-02-28,Disqualified,,,,,,,Not ICP,Marketing Queue
L-5448,2026-09-30,Skyler,Orwell,skyler.orwell@evergreenbaas.example,"SVP, Enterprise Risk",chief_risk_officer,Evergreen BaaS,ACC-1427,sponsor_bank_baas,NA,1771,Partner Referral,Modulr,fraud,True,email_reply_positive@2026-10-01|chat_engaged@2026-10-01,New,,,,,,,,Marketing Queue
L-5449,2026-01-11,Kendall,Pruitt,kendall.pruitt@redwoodtickets.example,VP Payments,head_of_payments_product,Redwood Tickets,ACC-1186,marketplace_commerce,EMEA,14901,Event,,fraud,False,sardinecon_attended@2026-01-27,Recycled,,,,,,,,Marketing Queue
L-5450,2026-07-06,Logan,Nash,logan.nash@highlandbanktrust.example,"SVP, Enterprise Risk",chief_risk_officer,Highland Bank & Trust,ACC-1337,sponsor_bank_baas,NA,2604,Outbound - Clay Enrichment,,compliance,False,,Recycled,,,,,,,,Marketing Queue
L-5451,2026-04-04,Reese,Garrow,reese.garrow@lakeshoreissuing.example,"SVP, Enterprise Risk",chief_risk_officer,Lakeshore Issuing,ACC-1449,payments_issuing,NA,3398,Paid Social,,fraud,True,sardinecon_attended@2026-04-14|content_download@2026-04-22|content_download@2026-04-12,Recycled,,,,,,,,Marketing Queue
L-5452,2026-01-09,Kendall,Rourke,kendall.rourke@sterlingfinancialgroup.example,"VP, Fraud Strategy",head_of_fraud,Sterling Financial Group,ACC-1147,tier1_bank,LATAM,159059,Outbound - Clay Enrichment,,fraud,True,pricing_page_visit@2026-01-23|champion_job_change@2026-01-13|new_product_launch@2026-01-18,Converted,2026-01-11,2026-01-11,1,2026-01-16,2026-01-20,OPP-7047,,SDR - Chen Wu
L-5453,2026-07-04,Reese,Quill,reese.quill@mapleleafwallet.example,Fraud Operations Manager,fraud_ops_manager,Maple Leaf Wallet,ACC-1002,fintech_neobank,NA,1668,Website Chat,,compliance,False,chat_engaged@2026-07-15,Disqualified,,,,,,,Not ICP,Marketing Queue
L-5454,2026-06-02,Cameron,Hollis,cameron.hollis@falconshop.example,"VP, Fraud Strategy",head_of_fraud,Falcon Shop,ACC-1221,marketplace_commerce,LATAM,11913,Content Download,,fraud,True,,Disqualified,,,,,,,Not ICP,Marketing Queue
L-5455,2026-04-03,Drew,Ellery,drew.ellery@tidewaterprocessing.example,Head of Risk Analytics,risk_data_science,Tidewater Processing,ACC-1305,payments_issuing,NA,3025,Outbound - Unify Signals,,fraud,True,sardinecon_attended@2026-04-21|pricing_page_visit@2026-04-09,Recycled,2026-04-06,2026-04-08,50,2026-04-22,,,,SDR - Eli Novak
L-5456,2026-09-19,Hayden,Nash,hayden.nash@northgatepayments.example,Head of Risk Analytics,risk_data_science,Northgate Payments,ACC-1226,payments_issuing,NA,17582,Event,,compliance,True,content_download@2026-10-01,New,,,,,,,,Marketing Queue
L-5457,2026-05-09,Blake,Sutter,blake.sutter@cedarvalleyagency.example,"Director, Information Security",ciso_security,Cedar Valley Agency,ACC-1314,public_sector,NA,43038,Partner Referral,Sponsor bank referral,fraud,False,,Recycled,,,,,,,,Marketing Queue
L-5458,2026-08-28,Riley,Kestrel,riley.kestrel@clearwaterpay.example,"Lead Data Scientist, Risk",risk_data_science,Clearwater Pay,ACC-1413,fintech_neobank,EMEA,299,Website Chat,,fraud,True,chat_engaged@2026-09-17,Disqualified,,,,,,,Not ICP,Marketing Queue
L-5459,2026-02-01,Casey,Hollis,casey.hollis@unionsquarehr.example,CISO,ciso_security,Union Square HR,ACC-1261,b2b_saas_payroll,EMEA,915,Content Download,,fraud,False,new_product_launch@2026-02-16,Recycled,2026-02-03,2026-02-03,1,,,,,SDR - Bri Okafor
L-5460,2026-09-28,Avery,Quill,avery.quill@summitridgeconsulting.example,Student,unknown,Summit Ridge Consulting,ACC-1309,other,NA,160,Demo Request,,fraud,False,demo_request@2026-10-01,Disqualified,,,,,,,Student/Job Seeker,Marketing Queue
L-5461,2026-05-18,Quinn,Ellery,quinn.ellery@sterlingcollective.example,Student,unknown,Sterling Collective,ACC-1419,other,APAC,158,Outbound - Clay Enrichment,,fraud,False,fraud_team_hiring@2026-05-21|content_download@2026-05-22|champion_job_change@2026-05-18,Disqualified,,,,,,,Bad Data,Marketing Queue
L-5462,2026-06-02,Rowan,Marlow,rowan.marlow@oakmontstudio.example,Consultant,unknown,Oakmont Studio,ACC-1243,other,NA,39,Paid Social,,fraud,False,fraud_team_hiring@2026-06-17|sardinecon_attended@2026-06-10,Disqualified,,,,,,,Student/Job Seeker,Marketing Queue
L-5463,2026-07-23,Emerson,Brooks,emerson.brooks@tidewatercard.example,"Director, Fraud Risk",head_of_fraud,Tidewater Card,ACC-1234,fintech_neobank,NA,386,Website Chat,,compliance,True,chat_engaged@2026-08-12|champion_job_change@2026-08-11,Converted,2026-07-26,2026-07-26,6,2026-07-30,2026-08-03,OPP-7048,,SDR - Eli Novak
L-5464,2026-02-06,Skyler,Orwell,skyler.orwell@tidewatercloud.example,"Director, Information Security",ciso_security,Tidewater Cloud,ACC-1199,b2b_saas_payroll,NA,2731,Webinar,,fraud,False,sardinecon_attended@2026-02-26|competitor_renewal_window@2026-02-24,Recycled,2026-02-08,2026-02-08,20,2026-02-23,,,,SDR - Eli Novak
L-5465,2026-09-21,Skyler,Sutter,skyler.sutter@highlandbanktrust.example,"SVP, Enterprise Risk",chief_risk_officer,Highland Bank & Trust,ACC-1337,sponsor_bank_baas,NA,2604,Partner Referral,Sponsor bank referral,fraud,False,,Working,2026-09-21,2026-09-21,3,,,,,SDR - Fran Moretti
L-5466,2026-05-03,Quinn,Marlow,quinn.marlow@oakmontstudio.example,Marketing Coordinator,unknown,Oakmont Studio,ACC-1243,other,NA,39,Content Download,,fraud,False,,Disqualified,,,,,,,Bad Data,Marketing Queue
L-5467,2026-02-11,Skyler,Dunmore,skyler.dunmore@oakmontcollective.example,Third-Party Risk Lead,blocker_procurement,Oakmont Collective,ACC-1433,other,EMEA,173,Outbound - Clay Enrichment,,fraud,False,fraud_team_hiring@2026-03-03|demo_request@2026-02-16,Recycled,,,,,,,,Marketing Queue
L-5468,2026-04-30,Morgan,Sutter,morgansutter@gmail.example,"Director, Card Products",head_of_payments_product,Northgate Payroll,ACC-1347,b2b_saas_payroll,NA,9814,Content Download,,fraud,False,content_download@2026-05-16|email_reply_positive@2026-05-06,Disqualified,2026-04-30,2026-04-30,3,,,,Duplicate,SDR - Gabi Souza
L-5469,2026-04-09,Taylor,Sutter,taylor.sutter@bluemesabaas.example,Head of Fraud,head_of_fraud,Blue Mesa BaaS,ACC-1036,sponsor_bank_baas,NA,1834,Partner Referral,SI partner,fraud,True,,Recycled,,,,,,,,Marketing Queue
L-5470,2026-07-16,Riley,Pruitt,riley.pruitt@falcongames.example,BSA/AML Officer,bsa_aml_officer,Falcon Games,ACC-1224,gaming_prediction,NA,1397,Demo Request,,fraud,False,demo_request@2026-08-01|webinar_attended@2026-07-19,Disqualified,2026-07-17,2026-07-17,6,,,,Existing Open Opp,SDR - Gabi Souza
L-5471,2026-06-01,Kendall,Quill,kendall.quill@mapleleafdigitalassets.example,BSA/AML Officer,bsa_aml_officer,Maple Leaf Digital Assets,ACC-1446,crypto,NA,1652,Demo Request,,compliance,False,demo_request@2026-06-17,Disqualified,,,,,,,No Use Case,Marketing Queue
L-5472,2026-05-18,Casey,Garrow,casey.garrow@granitepeakpay.example,Senior Fraud Analyst,fraud_ops_manager,Granite Peak Pay,ACC-1173,fintech_neobank,NA,846,Content Download,,compliance,False,email_reply_positive@2026-05-19,Recycled,2026-05-18,2026-05-18,1,2026-05-21,,,,SDR - Alex Rivera
L-5473,2026-03-12,Jamie,Lowry,jamie.lowry@ironwoodsports.example,BSA/AML Officer,bsa_aml_officer,Ironwood Sports,ACC-1282,gaming_prediction,MENA,1030,Paid Social,,fraud,False,chat_engaged@2026-03-13|regulatory_action@2026-03-28,Disqualified,,,,,,,Not ICP,Marketing Queue
L-5474,2026-07-18,Casey,Nash,casey.nash@granitepeakdigitalassets.example,BSA/AML Officer,bsa_aml_officer,Granite Peak Digital Assets,ACC-1396,crypto,NA,1030,Website Chat,,compliance,False,chat_engaged@2026-07-30|email_reply_positive@2026-07-30,Recycled,2026-07-20,2026-07-20,8,2026-07-28,,,,SDR - Eli Novak
L-5475,2026-08-04,Reese,Brooks,reese.brooks@sterlingcard.example,"Director, Card Products",head_of_payments_product,Sterling Card,ACC-1005,fintech_neobank,NA,3152,Partner Referral,Helix by Q2,compliance,True,demo_request@2026-08-11|demo_request@2026-08-06|demo_request@2026-08-08|regulatory_action@2026-08-09,Recycled,,,,,,,,Marketing Queue
L-5476,2026-02-13,Parker,Lowry,parker.lowry@stonebridgepredict.example,Senior Fraud Analyst,fraud_ops_manager,Stonebridge Predict,ACC-1062,gaming_prediction,NA,135,Demo Request,,fraud,False,demo_request@2026-02-19,Recycled,,,,,,,,Marketing Queue
L-5477,2026-05-21,Hayden,Thorne,hayden.thorne@clearwaterissuing.example,"Director, Card Products",head_of_payments_product,Clearwater Issuing,ACC-1149,payments_issuing,MENA,15601,Event,,compliance,True,new_product_launch@2026-05-24|demo_request@2026-06-01,Recycled,,,,,,,,Marketing Queue
L-5478,2026-07-14,Jamie,Orwell,jamie.orwell@harborviewwallet.example,"Director, Fraud Risk",head_of_fraud,Harborview Wallet,ACC-1107,fintech_neobank,NA,1074,Webinar,,compliance,False,,Converted,2026-07-14,2026-07-14,6,2026-07-22,2026-07-22,OPP-7049,,SDR - Dana Lopes
L-5479,2026-07-19,Rowan,Fairbanks,rowan.fairbanks@falconwallet.example,"Director, Fraud Risk",head_of_fraud,Falcon Wallet,ACC-1253,fintech_neobank,LATAM,2770,Outbound - Unify Signals,,fraud,True,unify_website_visit@2026-07-25,Disqualified,2026-07-21,2026-07-21,1,,,,Duplicate,SDR - Bri Okafor
L-5480,2026-06-28,Reese,Rourke,reese.rourke@summitridgechain.example,BSA/AML Officer,bsa_aml_officer,Summit Ridge Chain,ACC-1387,crypto,APAC,2799,Outbound - Unify Signals,,fraud,True,email_reply_positive@2026-06-29|email_reply_positive@2026-07-01|new_product_launch@2026-07-10,Recycled,2026-07-01,2026-07-02,30,,,,,SDR - Chen Wu
L-5481,2026-05-25,Drew,Lowry,drew.lowry@harborviewexchange.example,Fraud Operations Manager,fraud_ops_manager,Harborview Exchange,ACC-1409,crypto,,1175,Demo Request,,compliance,False,demo_request@2026-06-11|webinar_attended@2026-06-04|fraud_team_hiring@2026-06-06|demo_request@2026-06-13,Disqualified,2026-05-27,2026-05-27,6,,,,Existing Open Opp,SDR - Dana Lopes
L-5482,2026-09-07,Drew,Thorne,drew.thorne@northgatecollective.example,Consultant,unknown,Northgate Collective,ACC-1018,other,NA,29,Partner Referral,Modulr,fraud,False,fraud_team_hiring@2026-09-09,Disqualified,,,,,,,Student/Job Seeker,Marketing Queue
L-5483,2026-03-11,Jamie,Dunmore,jamie.dunmore@summitridgecard.example,Fraud Operations Manager,fraud_ops_manager,Summit Ridge Card,ACC-1132,fintech_neobank,APAC,3953,Content Download,,fraud,True,pricing_page_visit@2026-03-30|champion_job_change@2026-03-12,Recycled,,,,,,,,Marketing Queue
L-5484,2026-05-16,Kendall,Hollis,kendall.hollis@copperstateissuing.example,"Lead Data Scientist, Risk",risk_data_science,Copper State Issuing,ACC-1365,payments_issuing,EMEA,7356,Website Chat,,fraud,False,chat_engaged@2026-06-02|competitor_renewal_window@2026-05-17,Converted,2026-05-16,2026-05-16,4,2026-05-27,2026-06-01,OPP-7050,,SDR - Dana Lopes
L-5485,2026-03-19,Skyler,Nash,skyler.nash@bluemesaagency.example,Consultant,unknown,Blue Mesa Agency,ACC-1448,other,NA,180,Website Chat,,fraud,False,chat_engaged@2026-03-30,Recycled,,,,,,,,Marketing Queue
L-5486,2026-01-18,Logan,Lowry,logan.lowry@lakeshorestudio.example,Third-Party Risk Lead,blocker_procurement,Lakeshore Studio,ACC-1076,other,NA,228,Demo Request,,fraud,False,demo_request@2026-01-28|new_product_launch@2026-02-03,Disqualified,,,,,,,Bad Data,Marketing Queue
L-5487,2026-02-13,Blake,Dunmore,blake.dunmore@tidewaternationalbank.example,Chief Compliance Officer,bsa_aml_officer,Tidewater National Bank,ACC-1390,sponsor_bank_baas,MENA,2382,Content Download,,compliance,False,fraud_team_hiring@2026-03-05|new_product_launch@2026-02-26,Disqualified,,,,,,,Competitor,Marketing Queue
L-5488,2026-06-04,Jamie,Orwell,jamie.orwell@tidewaterpredict.example,AML Investigations Lead,fraud_ops_manager,Tidewater Predict,ACC-1099,gaming_prediction,NA,608,Content Download,,fraud,False,email_reply_positive@2026-06-15,Recycled,,,,,,,,Marketing Queue
L-5489,2026-07-04,Jamie,Sutter,jamie.sutter@unionsquarecard.example,Head of Fraud,head_of_fraud,Union Square Card,ACC-1185,fintech_neobank,NA,1597,Partner Referral,Helix by Q2,compliance,False,champion_job_change@2026-07-19|fraud_team_hiring@2026-07-11|regulatory_action@2026-07-17,Recycled,,,,,,,,Marketing Queue
L-5490,2026-05-31,Hayden,Quill,hayden.quill@oakmontbaas.example,"VP, Fraud Strategy",head_of_fraud,Oakmont BaaS,ACC-1310,sponsor_bank_baas,NA,2225,Event,,compliance,False,chat_engaged@2026-06-13,Disqualified,,,,,,,Not ICP,Marketing Queue
L-5491,2026-09-02,Avery,Fairbanks,avery.fairbanks@northgatesavingsbank.example,Third-Party Risk Lead,blocker_procurement,Northgate Savings Bank,ACC-1134,regional_bank_cu,NA,847,Demo Request,,fraud,False,demo_request@2026-09-15,New,,,,,,,,Marketing Queue
L-5492,2026-05-08,Skyler,Sutter,skyler.sutter@redwoodcollective.example,Model Risk Manager,blocker_procurement,Redwood Collective,ACC-1356,other,EMEA,372,Paid Social,,fraud,False,,Disqualified,,,,,,,No Use Case,Marketing Queue
L-5493,2026-06-02,Sage,Calloway,,Chief Risk Officer,chief_risk_officer,Lakeshore Payments,ACC-1230,payments_issuing,NA,3833,Outbound - Clay Enrichment,,fraud,True,competitor_renewal_window@2026-06-07|competitor_renewal_window@2026-06-20,Recycled,,,,,,,,Marketing Queue
L-5494,2026-02-23,Logan,Quill,logan.quill@westfieldshop.example,AML Investigations Lead,fraud_ops_manager,Westfield Shop,ACC-1260,marketplace_commerce,NA,3062,Content Download,,fraud,False,sardinecon_attended@2026-02-24,Recycled,,,,,,,,Marketing Queue
L-5495,2026-03-19,Kendall,Kestrel,kendall.kestrel@summitridgechain.example,BSA/AML Officer,bsa_aml_officer,Summit Ridge Chain,ACC-1387,crypto,APAC,2799,Website Chat,,compliance,True,chat_engaged@2026-03-25|content_download@2026-04-04|webinar_attended@2026-04-06,Converted,2026-03-22,2026-03-23,30,2026-03-27,2026-03-29,OPP-7051,,SDR - Bri Okafor
L-5496,2026-03-18,Avery,Thorne,avery.thorne@lakeshoretickets.example,Fraud Operations Manager,fraud_ops_manager,Lakeshore Tickets,ACC-1341,marketplace_commerce,NA,4990,Demo Request,,fraud,False,demo_request@2026-03-23,Disqualified,,,,,,,Not ICP,Marketing Queue
L-5497,2026-05-29,Riley,Dunmore,riley.dunmore@tidewatersavingsbank.example,Head of Fraud,head_of_fraud,Tidewater Savings Bank,ACC-1189,regional_bank_cu,NA,4498,Outbound - Unify Signals,,fraud,False,new_product_launch@2026-06-02|regulatory_action@2026-06-07,Recycled,2026-05-30,2026-05-30,6,,,,,SDR - Fran Moretti
L-5498,2026-02-12,Skyler,Ingram,skyler.ingram@pinecrestbanktrust.example,"SVP, Enterprise Risk",chief_risk_officer,Pinecrest Bank & Trust,ACC-1406,sponsor_bank_baas,NA,718,Event,,compliance,True,,Recycled,,,,,,,,Marketing Queue
L-5499,2026-09-28,Blake,Brooks,blake.brooks@arborconsulting.example,Vendor Risk Manager,blocker_procurement,Arbor Consulting,ACC-1051,other,NA,323,Event,,fraud,False,,Disqualified,,,,,,,Bad Data,Marketing Queue
L-5500,2026-05-20,Quinn,Pruitt,quinn.pruitt@bayfrontcard.example,"Head of Product, Onboarding",head_of_payments_product,Bayfront Card,ACC-1344,fintech_neobank,MENA,1239,Outbound - Clay Enrichment,,compliance,True,,Disqualified,,,,,,,Competitor,Marketing Queue
L-5501,2026-04-21,Drew,Thorne,drew.thorne@granitepeakmarket.example,VP Payments,head_of_payments_product,Granite Peak Market,ACC-1034,marketplace_commerce,LATAM,14184,Webinar,,fraud,False,,Recycled,,,,,,,,Marketing Queue
L-5502,2026-05-03,Cameron,Rourke,cameron.rourke@lakeshoreissuing.example,"Director, Fraud Data Science",risk_data_science,Lakeshore Issuing,ACC-1449,payments_issuing,NA,3398,Paid Social,,compliance,True,regulatory_action@2026-05-23|content_download@2026-05-22,Disqualified,,,,,,,No Use Case,Marketing Queue
L-5503,2026-08-10,Cameron,Marlow,cameron.marlow@oakmontissuing.example,VP Payments,head_of_payments_product,Oakmont Issuing,ACC-1166,payments_issuing,EMEA,12692,Demo Request,,fraud,True,demo_request@2026-08-13,Disqualified,,,,,,,Competitor,Marketing Queue
L-5504,2026-05-22,Drew,Kestrel,drew.kestrel@summitridgehr.example,"Head of Product, Onboarding",head_of_payments_product,Summit Ridge HR,ACC-1014,b2b_saas_payroll,LATAM,5368,Partner Referral,Modulr,fraud,False,email_reply_positive@2026-06-04|demo_request@2026-06-08|email_reply_positive@2026-06-01,Converted,2026-05-24,2026-05-24,1,2026-06-06,2026-06-11,OPP-7052,,SDR - Dana Lopes
L-5505,2026-03-31,Casey,Thorne,casey.thorne@oakmontpay.example,"Head of Product, Onboarding",head_of_payments_product,Oakmont Pay,ACC-1209,fintech_neobank,NA,469,Partner Referral,Modulr,compliance,True,chat_engaged@2026-04-19|fraud_team_hiring@2026-04-10,Recycled,,,,,,,,Marketing Queue
L-5506,2026-02-06,Taylor,Fairbanks,taylor.fairbanks@cedarvalleyauthority.example,Third-Party Risk Lead,blocker_procurement,Cedar Valley Authority,ACC-1392,public_sector,NA,48486,Website Chat,,fraud,False,chat_engaged@2026-02-23,Recycled,,,,,,,,Marketing Queue
L-5507,2026-04-25,Jordan,Fairbanks,jordan.fairbanks@arborfederalcu.example,AML Investigations Lead,fraud_ops_manager,Arbor Federal CU,ACC-1169,regional_bank_cu,NA,275,Partner Referral,Modulr,compliance,False,demo_request@2026-04-25|email_reply_positive@2026-05-11|chat_engaged@2026-05-11|content_download@2026-05-10,Recycled,2026-04-25,2026-04-25,20,,,,,SDR - Gabi Souza
L-5508,2026-02-11,Blake,Thorne,blake.thorne@harborviewnationalbank.example,BSA/AML Officer,bsa_aml_officer,Harborview National Bank,ACC-1043,sponsor_bank_baas,NA,1963,Partner Referral,SI partner,fraud,True,,Converted,2026-02-13,2026-02-13,8,2026-02-26,2026-02-28,OPP-7053,,SDR - Chen Wu
L-5509,2026-07-16,Blake,Ingram,blake.ingram@riverbendtickets.example,"Head of Product, Onboarding",head_of_payments_product,Riverbend Tickets,ACC-1335,marketplace_commerce,,9660,Paid Social,,fraud,False,unify_website_visit@2026-07-29,Recycled,,,,,,,,Marketing Queue
L-5510,2026-07-14,Rowan,Hollis,rowan.hollis@clearwaterpayments.example,Chief Risk Officer,chief_risk_officer,Clearwater Payments,ACC-1372,payments_issuing,EMEA,19150,Partner Referral,Helix by Q2,compliance,True,fraud_team_hiring@2026-07-14,Recycled,,,,,,,,Marketing Queue
L-5511,2026-04-01,Kendall,Pruitt,kendall.pruitt@stonebridgeagency.example,Third-Party Risk Lead,blocker_procurement,Stonebridge Agency,ACC-1048,other,NA,25,Content Download,,fraud,False,regulatory_action@2026-04-19|unify_website_visit@2026-04-03|pricing_page_visit@2026-04-13,Disqualified,2026-04-04,2026-04-04,6,,,,Duplicate,SDR - Fran Moretti
L-5512,2026-01-07,Blake,Pruitt,blake.pruitt@clearwaterprocessing.example,Chief Risk Officer,chief_risk_officer,Clearwater Processing,ACC-1289,payments_issuing,NA,10725,Paid Social,,fraud,True,email_reply_positive@2026-01-24|email_reply_positive@2026-01-22,Recycled,2026-01-10,2026-01-12,50,2026-01-25,,,,SDR - Dana Lopes
L-5513,2026-07-16,Quinn,Garrow,quinn.garrow@meridiandepartment.example,"SVP, Enterprise Risk",chief_risk_officer,Meridian Department,ACC-1358,public_sector,NA,29029,Webinar,,fraud,False,pricing_page_visit@2026-08-01|competitor_renewal_window@2026-07-19,Recycled,2026-07-19,2026-07-20,30,2026-08-03,,,,SDR - Dana Lopes
L-5514,2026-03-06,Quinn,Ellery,quinn.ellery@unionsquarebank.example,"SVP, Enterprise Risk",chief_risk_officer,Union Square Bank,ACC-1004,tier1_bank,EMEA,97194,Outbound - Unify Signals,,fraud,True,competitor_renewal_window@2026-03-14|new_product_launch@2026-03-16|fraud_team_hiring@2026-03-17|fraud_team_hiring@2026-03-26,Recycled,,,,,,,,Marketing Queue
L-5515,2026-03-30,Hayden,Fairbanks,hayden.fairbanks@lakeshorepay.example,"Director, Card Products",head_of_payments_product,Lakeshore Pay,ACC-1382,fintech_neobank,NA,2409,Partner Referral,SI partner,compliance,True,,Disqualified,2026-03-31,2026-03-31,4,,,,Student/Job Seeker,SDR - Dana Lopes
L-5516,2026-02-08,Taylor,Ingram,taylor.ingram@granitepeaksports.example,"VP, Fraud Strategy",head_of_fraud,Granite Peak Sports,ACC-1304,gaming_prediction,NA,1184,Event,,fraud,False,unify_website_visit@2026-02-19|champion_job_change@2026-02-08,Disqualified,,,,,,,No Use Case,Marketing Queue
L-5517,2026-04-18,Drew,Sutter,drew.sutter@summitridgesavingsbank.example,Vendor Risk Manager,blocker_procurement,Summit Ridge Savings Bank,ACC-1130,regional_bank_cu,NA,1184,Demo Request,,fraud,False,demo_request@2026-04-24|webinar_attended@2026-04-23,Recycled,2026-04-20,2026-04-21,30,2026-04-23,,,,SDR - Gabi Souza
L-5518,2026-03-19,Morgan,Brooks,morgan.brooks@cedarvalleyagency.example,Chief Risk Officer,chief_risk_officer,Cedar Valley Agency,ACC-1314,public_sector,NA,43038,Webinar,,fraud,False,demo_request@2026-03-29,Recycled,,,,,,,,Marketing Queue
L-5519,2026-07-25,Sage,Kestrel,sage.kestrel@highlandcloud.example,Head of Trust & Safety,ciso_security,Highland Cloud,ACC-1123,b2b_saas_payroll,EMEA,8241,Outbound - Unify Signals,,fraud,False,competitor_renewal_window@2026-08-09|sardinecon_attended@2026-08-03,Disqualified,,,,,,,Competitor,Marketing Queue
L-5520,2026-08-19,Cameron,Fairbanks,cameronfairbanks@gmail.example,"Director, Card Products",head_of_payments_product,Clearwater Commerce,ACC-1073,marketplace_commerce,APAC,1989,Outbound - Clay Enrichment,,fraud,False,webinar_attended@2026-08-22|new_product_launch@2026-09-01,Disqualified,,,,,,,Competitor,Marketing Queue
L-5521,2026-07-19,Avery,Garrow,avery.garrow@falconbooks.example,Head of Fraud,head_of_fraud,Falcon Books,ACC-1286,b2b_saas_payroll,NA,6229,Event,,fraud,False,,Recycled,2026-07-21,2026-07-21,8,2026-07-28,,,,SDR - Eli Novak
L-5522,2026-05-25,Drew,Brooks,drew.brooks@ironwoodexchange.example,"Director, Financial Crimes Compliance",bsa_aml_officer,Ironwood Exchange,ACC-1139,crypto,NA,2873,Outbound - Clay Enrichment,,fraud,False,competitor_renewal_window@2026-06-02,Disqualified,,,,,,,No Use Case,Marketing Queue
L-5523,2026-01-24,Casey,Fairbanks,casey.fairbanks@prairiefirstmarket.example,"Director, Fraud Risk",head_of_fraud,Prairie First Market,ACC-1447,marketplace_commerce,NA,4940,Event,,fraud,False,,Disqualified,,,,,,,Not ICP,Marketing Queue
L-5524,2026-02-23,Logan,Lowry,logan.lowry@lakeshoreprocessing.example,Head of Risk Analytics,risk_data_science,Lakeshore Processing,ACC-1031,payments_issuing,EMEA,13274,Partner Referral,Sponsor bank referral,fraud,False,unify_website_visit@2026-03-15|fraud_team_hiring@2026-02-23|sardinecon_attended@2026-03-05|competitor_renewal_window@2026-02-28,Recycled,2026-02-23,2026-02-23,2,2026-03-09,,,,SDR - Bri Okafor
L-5525,2026-05-26,Reese,Ingram,reese.ingram@oakmontprocessing.example,Head of Fraud,head_of_fraud,Oakmont Processing,ACC-1227,payments_issuing,NA,10829,Content Download,,fraud,False,content_download@2026-05-31|champion_job_change@2026-05-26,Disqualified,,,,,,,Competitor,Marketing Queue
L-5526,2026-04-08,Avery,Fairbanks,avery.fairbanks@copperstatesavingsbank.example,"Director, Financial Crimes Compliance",bsa_aml_officer,Copper State Savings Bank,ACC-1059,regional_bank_cu,NA,511,Demo Request,,fraud,True,demo_request@2026-04-28,Recycled,2026-04-09,2026-04-09,6,,,,,SDR - Bri Okafor
L-5527,2026-07-18,Casey,Sutter,casey.sutter@pinecrestagency.example,Consultant,unknown,Pinecrest Agency,ACC-1158,other,NA,371,Paid Social,,fraud,False,,Disqualified,,,,,,,Not ICP,Marketing Queue
L-5528,2026-05-20,Cameron,Quill,cameron.quill@summitridgecard.example,AML Investigations Lead,fraud_ops_manager,Summit Ridge Card,ACC-1132,fintech_neobank,APAC,3953,Demo Request,,compliance,True,demo_request@2026-05-31,Recycled,2026-05-23,2026-05-23,3,,,,,SDR - Chen Wu
L-5529,2026-06-01,Drew,Calloway,drew.calloway@oakmontplay.example,AML Investigations Lead,fraud_ops_manager,Oakmont Play,ACC-1330,gaming_prediction,EMEA,457,Content Download,,fraud,False,new_product_launch@2026-06-18,Recycled,2026-06-03,2026-06-03,1,,,,,SDR - Eli Novak
L-5530,2026-07-17,Cameron,Alder,cameron.alder@granitepeakcollective.example,Consultant,unknown,Granite Peak Collective,ACC-1165,other,NA,402,Website Chat,,fraud,False,chat_engaged@2026-08-06,Disqualified,,,,,,,Not ICP,Marketing Queue
L-5531,2026-09-01,Logan,Nash,logan.nash@pinecresthr.example,"Director, Fraud Risk",head_of_fraud,Pinecrest HR,ACC-1156,b2b_saas_payroll,EMEA,5291,Partner Referral,Modulr,fraud,False,regulatory_action@2026-09-20|regulatory_action@2026-09-19,Converted,2026-09-03,2026-09-03,8,2026-09-11,2026-09-12,OPP-7054,,SDR - Alex Rivera
L-5532,2026-05-22,Kendall,Quill,kendall.quill@stonebridgecommerce.example,VP Payments,head_of_payments_product,Stonebridge Commerce,ACC-1215,marketplace_commerce,NA,9887,Outbound - Unify Signals,,fraud,False,pricing_page_visit@2026-06-07|pricing_page_visit@2026-05-31,Recycled,,,,,,,,Marketing Queue
L-5533,2026-03-18,Avery,Ellery,avery.ellery@mapleleaftickets.example,Fraud Operations Manager,fraud_ops_manager,Maple Leaf Tickets,ACC-1046,marketplace_commerce,NA,8420,Event,,fraud,True,pricing_page_visit@2026-04-01,Disqualified,2026-03-19,2026-03-19,4,,,,Not ICP,SDR - Fran Moretti
L-5534,2026-01-07,Riley,Pruitt,riley.pruitt@mapleleafneo.example,BSA/AML Officer,bsa_aml_officer,Maple Leaf Neo,ACC-1284,fintech_neobank,MENA,4488,Outbound - Clay Enrichment,,compliance,False,,Disqualified,,,,,,,No Use Case,Marketing Queue
L-5535,2026-06-16,Hayden,Thorne,hayden.thorne@evergreenstudio.example,Marketing Coordinator,unknown,Evergreen Studio,ACC-1198,other,EMEA,385,Webinar,,fraud,False,sardinecon_attended@2026-06-25,Disqualified,,,,,,,Bad Data,Marketing Queue
L-5536,2026-05-05,Kendall,Thorne,kendall.thorne@bluemesamarket.example,CISO,ciso_security,Blue Mesa Market,ACC-1113,marketplace_commerce,NA,7118,Event,,fraud,False,new_product_launch@2026-05-05,Recycled,,,,,,,,Marketing Queue
L-5537,2026-02-21,Casey,Jessup,casey.jessup@mapleleafsavingsbank.example,Fraud Operations Manager,fraud_ops_manager,Maple Leaf Savings Bank,ACC-1154,regional_bank_cu,NA,4233,Event,,fraud,False,pricing_page_visit@2026-03-06,Converted,2026-02-24,2026-02-24,3,2026-03-08,2026-03-08,OPP-7055,,SDR - Chen Wu
L-5538,2026-07-31,Sage,Marlow,,"VP, Fraud Strategy",head_of_fraud,Arbor Pay,ACC-1351,fintech_neobank,EMEA,1942,Website Chat,,fraud,False,chat_engaged@2026-08-18,Recycled,2026-07-31,2026-07-31,6,2026-08-13,,,,SDR - Eli Novak
L-5539,2026-06-25,Quinn,Nash,quinn.nash@ironwoodcard.example,AML Investigations Lead,fraud_ops_manager,Ironwood Card,ACC-1190,fintech_neobank,APAC,3987,Partner Referral,Sponsor bank referral,compliance,False,,Recycled,2026-06-27,2026-06-27,6,2026-07-12,,,,SDR - Alex Rivera
L-5540,2026-01-25,Drew,Nash,drew.nash@cedarvalleycollective.example,Marketing Coordinator,unknown,Cedar Valley Collective,ACC-1237,other,LATAM,129,Demo Request,,fraud,False,demo_request@2026-02-05|demo_request@2026-02-13|champion_job_change@2026-02-05,Recycled,,,,,,,,Marketing Queue
L-5541,2026-06-06,Jamie,Fairbanks,jamie.fairbanks@cedarvalleymarket.example,AML Investigations Lead,fraud_ops_manager,Cedar Valley Market,ACC-1228,marketplace_commerce,NA,12460,Website Chat,,fraud,False,chat_engaged@2026-06-07|new_product_launch@2026-06-18,Disqualified,,,,,,,No Use Case,Marketing Queue
L-5542,2026-05-09,Skyler,Lowry,skyler.lowry@tidewatercard.example,Head of Risk Analytics,risk_data_science,Tidewater Card,ACC-1234,fintech_neobank,NA,386,Partner Referral,SI partner,compliance,True,,Disqualified,2026-05-09,2026-05-09,8,,,,Existing Open Opp,SDR - Fran Moretti
L-5543,2026-02-14,Jamie,Brooks,jamie.brooks@bluemesapayroll.example,CISO,ciso_security,Blue Mesa Payroll,ACC-1131,b2b_saas_payroll,NA,7890,Outbound - Unify Signals,,fraud,False,email_reply_positive@2026-02-20|fraud_team_hiring@2026-02-22|webinar_attended@2026-03-05|new_product_launch@2026-03-03,Recycled,,,,,,,,Marketing Queue
L-5544,2026-01-28,Avery,Nash,avery.nash@riverbendwallet.example,Head of Risk Analytics,risk_data_science,Riverbend Wallet,ACC-1141,fintech_neobank,EMEA,1660,Outbound - Unify Signals,,fraud,True,champion_job_change@2026-02-06|webinar_attended@2026-01-28|content_download@2026-02-03,Disqualified,,,,,,,No Use Case,Marketing Queue
L-5545,2026-04-28,Hayden,Thorne,hayden.thorne@sterlingcommerce.example,AML Investigations Lead,fraud_ops_manager,Sterling Commerce,ACC-1009,marketplace_commerce,MENA,14113,Demo Request,,fraud,False,demo_request@2026-05-17|regulatory_action@2026-05-16,Recycled,,,,,,,,Marketing Queue
L-5546,2026-03-23,Drew,Marlow,drew.marlow@mapleleafbooks.example,VP Payments,head_of_payments_product,Maple Leaf Books,ACC-1421,b2b_saas_payroll,NA,7361,Outbound - Clay Enrichment,,fraud,False,regulatory_action@2026-03-29|new_product_launch@2026-03-28|champion_job_change@2026-04-04,Disqualified,,,,,,,Competitor,Marketing Queue
L-5547,2026-07-13,Emerson,Alder,emerson.alder@pinecrestcommunitybank.example,Third-Party Risk Lead,blocker_procurement,Pinecrest Community Bank,ACC-1106,regional_bank_cu,NA,404,Paid Social,,fraud,False,sardinecon_attended@2026-07-27,Recycled,,,,,,,,Marketing Queue
L-5548,2026-05-05,Taylor,Garrow,taylor.garrow@mapleleafneo.example,Senior Fraud Analyst,fraud_ops_manager,Maple Leaf Neo,ACC-1284,fintech_neobank,MENA,4488,Outbound - Unify Signals,,compliance,False,pricing_page_visit@2026-05-17|fraud_team_hiring@2026-05-08|chat_engaged@2026-05-17,Disqualified,,,,,,,Competitor,Marketing Queue
L-5549,2026-04-26,Skyler,Quill,skyler.quill@oakmontpay.example,BSA/AML Officer,bsa_aml_officer,Oakmont Pay,ACC-1209,fintech_neobank,NA,469,Outbound - Unify Signals,,fraud,True,webinar_attended@2026-05-06|email_reply_positive@2026-05-07|champion_job_change@2026-04-29,Disqualified,2026-04-29,2026-04-29,6,,,,Competitor,SDR - Dana Lopes
L-5550,2026-06-25,Hayden,Nash,hayden.nash@sterlingfinancialgroup.example,"Director, Fraud Risk",head_of_fraud,Sterling Financial Group,ACC-1147,tier1_bank,LATAM,159059,Outbound - Clay Enrichment,,compliance,True,champion_job_change@2026-06-28|content_download@2026-07-13,Disqualified,2026-06-25,2026-06-25,20,,,,No Use Case,SDR - Fran Moretti
L-5551,2026-07-13,Sage,Garrow,sage.garrow@ironwoodwallet.example,"Director, Fraud Risk",head_of_fraud,Ironwood Wallet,ACC-1241,fintech_neobank,NA,657,Website Chat,,fraud,True,chat_engaged@2026-08-02|content_download@2026-07-30,Recycled,,,,,,,,Marketing Queue
L-5552,2026-03-13,Avery,Garrow,avery.garrow@stonebridgepayments.example,Head of Risk Analytics,risk_data_science,Stonebridge Payments,ACC-1102,payments_issuing,NA,14244,Paid Social,,fraud,True,,Disqualified,,,,,,,No Use Case,Marketing Queue
L-5553,2026-06-23,Avery,Brooks,avery.brooks@clearwaterchain.example,AML Investigations Lead,fraud_ops_manager,Clearwater Chain,ACC-1411,crypto,NA,1675,Webinar,,fraud,True,competitor_renewal_window@2026-06-25,Recycled,,,,,,,,Marketing Queue
L-5554,2026-01-17,Reese,Marlow,reese.marlow@westfieldmarket.example,Head of Fraud,head_of_fraud,Westfield Market,ACC-1366,marketplace_commerce,NA,8753,Outbound - Clay Enrichment,,fraud,False,competitor_renewal_window@2026-01-18,Disqualified,2026-01-20,2026-01-22,50,,,,Existing Open Opp,SDR - Bri Okafor
L-5555,2026-03-03,Casey,Hollis,casey.hollis@oakmontcollective.example,Office Manager,unknown,Oakmont Collective,ACC-1433,other,EMEA,173,Webinar,,fraud,False,champion_job_change@2026-03-13,Disqualified,,,,,,,Bad Data,Marketing Queue
L-5556,2026-05-10,Skyler,Orwell,skyler.orwell@crescentbaas.example,Fraud Operations Manager,fraud_ops_manager,Crescent BaaS,ACC-1363,sponsor_bank_baas,APAC,2981,Paid Social,,compliance,False,competitor_renewal_window@2026-05-24,Recycled,,,,,,,,Marketing Queue
L-5557,2026-07-09,Logan,Jessup,logan.jessup@tidewatersavingsbank.example,Vendor Risk Manager,blocker_procurement,Tidewater Savings Bank,ACC-1189,regional_bank_cu,NA,4498,Paid Social,,fraud,False,competitor_renewal_window@2026-07-14,Disqualified,2026-07-10,2026-07-10,3,,,,Student/Job Seeker,SDR - Gabi Souza
L-5558,2026-06-09,Sage,Marlow,sage.marlow@lakeshorefederalcu.example,Model Risk Manager,blocker_procurement,Lakeshore Federal CU,ACC-1108,regional_bank_cu,NA,2249,Webinar,,fraud,False,webinar_attended@2026-06-20|competitor_renewal_window@2026-06-25,Recycled,,,,,,,,Marketing Queue
L-5559,2026-09-10,Skyler,Hollis,skyler.hollis@falconcard.example,Senior Fraud Analyst,fraud_ops_manager,Falcon Card,ACC-1191,fintech_neobank,EMEA,3876,Webinar,,fraud,False,regulatory_action@2026-09-15|regulatory_action@2026-09-22|demo_request@2026-09-12,Converted,2026-09-10,2026-09-10,4,2026-09-19,2026-09-24,OPP-7056,,SDR - Gabi Souza
L-5560,2026-05-01,Riley,Kestrel,riley.kestrel@sterlingcollective.example,Vendor Risk Manager,blocker_procurement,Sterling Collective,ACC-1419,other,APAC,158,Content Download,,fraud,False,demo_request@2026-05-13,Recycled,,,,,,,,Marketing Queue
L-5561,2026-05-10,Emerson,Fairbanks,emerson.fairbanks@cedarvalleymarket.example,CISO,ciso_security,Cedar Valley Market,ACC-1228,marketplace_commerce,NA,12460,Paid Social,,fraud,False,pricing_page_visit@2026-05-30|unify_website_visit@2026-05-17,Recycled,,,,,,,,Marketing Queue
L-5562,2026-02-05,Parker,Orwell,parker.orwell@arbornationalbank.example,Head of Fraud,head_of_fraud,Arbor National Bank,ACC-1067,sponsor_bank_baas,EMEA,1786,Content Download,,compliance,False,fraud_team_hiring@2026-02-23,Disqualified,2026-02-05,2026-02-05,4,,,,Not ICP,SDR - Eli Novak
L-5563,2026-09-11,Taylor,Sutter,taylor.sutter@falconplay.example,"VP, Fraud Strategy",head_of_fraud,Falcon Play,ACC-1301,gaming_prediction,EMEA,1503,Paid Social,,fraud,True,fraud_team_hiring@2026-09-24|chat_engaged@2026-09-25,Working,2026-09-11,2026-09-11,6,,,,,SDR - Fran Moretti
L-5564,2026-09-21,Drew,Rourke,drew.rourke@bluemesacollective.example,Marketing Coordinator,unknown,Blue Mesa Collective,ACC-1090,other,NA,242,Outbound - Clay Enrichment,,fraud,False,champion_job_change@2026-09-30,Disqualified,,,,,,,Student/Job Seeker,Marketing Queue
L-5565,2026-09-11,Parker,Fairbanks,parker.fairbanks@summitridgechain.example,BSA/AML Officer,bsa_aml_officer,Summit Ridge Chain,ACC-1387,crypto,APAC,2799,Website Chat,,fraud,True,chat_engaged@2026-09-26,Working,2026-09-14,2026-09-14,8,,,,,SDR - Bri Okafor
L-5566,2026-05-03,Sage,Pruitt,sage.pruitt@bluemesacustody.example,Chief Compliance Officer,bsa_aml_officer,Blue Mesa Custody,ACC-1398,crypto,EMEA,1361,Content Download,,compliance,False,webinar_attended@2026-05-13,Recycled,,,,,,,,Marketing Queue
L-5567,2026-03-26,Kendall,Nash,kendall.nash@redwoodsports.example,"VP, Fraud Strategy",head_of_fraud,Redwood Sports,ACC-1402,gaming_prediction,NA,1550,Webinar,,fraud,False,new_product_launch@2026-04-10,Recycled,,,,,,,,Marketing Queue
L-5568,2026-06-10,Hayden,Sutter,hayden.sutter@tidewatersavingsbank.example,"VP, Fraud Strategy",head_of_fraud,Tidewater Savings Bank,ACC-1189,regional_bank_cu,NA,4498,Event,,fraud,False,competitor_renewal_window@2026-06-20|regulatory_action@2026-06-19,Recycled,2026-06-13,2026-06-13,8,,,,,SDR - Alex Rivera
L-5569,2026-04-18,Skyler,Nash,skyler.nash@sterlingcollective.example,Model Risk Manager,blocker_procurement,Sterling Collective,ACC-1419,other,APAC,158,Content Download,,fraud,False,webinar_attended@2026-04-27|sardinecon_attended@2026-04-18,Disqualified,,,,,,,Not ICP,Marketing Queue
L-5570,2026-05-25,Parker,Sutter,parker.sutter@lakeshorebancorp.example,"Lead Data Scientist, Risk",risk_data_science,Lakeshore Bancorp,ACC-1257,tier1_bank,APAC,135473,Demo Request,,compliance,True,demo_request@2026-06-04,Recycled,,,,,,,,Marketing Queue
L-5571,2026-05-28,Jordan,Kestrel,jordan.kestrel@clearwaterplay.example,"Director, Fraud Risk",head_of_fraud,Clearwater Play,ACC-1249,gaming_prediction,MENA,222,Outbound - Unify Signals,,fraud,False,,Recycled,,,,,,,,Marketing Queue
L-5572,2026-08-04,Emerson,Hollis,emerson.hollis@summitridgeauthority.example,Head of Trust & Safety,ciso_security,Summit Ridge Authority,ACC-1037,public_sector,NA,43824,Webinar,,fraud,False,fraud_team_hiring@2026-08-13|fraud_team_hiring@2026-08-10|new_product_launch@2026-08-06,Recycled,,,,,,,,Marketing Queue
L-5573,2026-02-08,Emerson,Lowry,emerson.lowry@crescentcard.example,"Director, Card Products",head_of_payments_product,Crescent Card,ACC-1011,fintech_neobank,EMEA,624,Event,,fraud,False,sardinecon_attended@2026-02-22|competitor_renewal_window@2026-02-14|pricing_page_visit@2026-02-18|regulatory_action@2026-02-15,Converted,2026-02-08,2026-02-08,3,2026-02-16,2026-02-19,OPP-7057,,SDR - Alex Rivera
L-5574,2026-01-13,Morgan,Calloway,morgan.calloway@westfieldcommerce.example,Fraud Operations Manager,fraud_ops_manager,Westfield Commerce,ACC-1262,marketplace_commerce,EMEA,12941,Outbound - Unify Signals,,fraud,False,new_product_launch@2026-01-23|email_reply_positive@2026-01-30|regulatory_action@2026-01-22|fraud_team_hiring@2026-01-23,Recycled,,,,,,,,Marketing Queue
L-5575,2026-04-12,Casey,Kestrel,casey.kestrel@evergreenmarket.example,VP Payments,head_of_payments_product,Evergreen Market,ACC-1293,marketplace_commerce,,3966,Demo Request,,fraud,False,demo_request@2026-04-20|regulatory_action@2026-04-26,Converted,2026-04-15,2026-04-15,1,2026-04-21,2026-04-24,OPP-7058,,SDR - Chen Wu
L-5576,2026-05-17,Taylor,Sutter,taylor.sutter@copperstatepay.example,VP Payments,head_of_payments_product,Copper State Pay,ACC-1218,fintech_neobank,NA,2600,Content Download,,compliance,False,email_reply_positive@2026-05-27|new_product_launch@2026-05-31,Converted,2026-05-18,2026-05-18,4,2026-05-21,2026-05-25,OPP-7059,,SDR - Gabi Souza
L-5577,2026-02-09,Drew,Hollis,drew.hollis@westfieldprocessing.example,"Lead Data Scientist, Risk",risk_data_science,Westfield Processing,ACC-1065,payments_issuing,APAC,7957,Event,,fraud,False,unify_website_visit@2026-02-15|unify_website_visit@2026-02-18|pricing_page_visit@2026-02-22,Disqualified,2026-02-12,2026-02-12,2,,,,Not ICP,SDR - Gabi Souza
L-5578,2026-07-18,Taylor,Marlow,taylor.marlow@redwoodissuing.example,"Director, Card Products",head_of_payments_product,Redwood Issuing,ACC-1378,payments_issuing,NA,7725,Website Chat,,compliance,True,chat_engaged@2026-07-24,Recycled,2026-07-18,2026-07-18,3,,,,,SDR - Eli Novak
L-5579,2026-06-16,Morgan,Quill,morgan.quill@bayfrontplay.example,Fraud Operations Manager,fraud_ops_manager,Bayfront Play,ACC-1183,gaming_prediction,NA,1821,Outbound - Unify Signals,,fraud,False,,Recycled,2026-06-19,2026-06-19,1,2026-07-03,,,,SDR - Chen Wu
L-5580,2026-02-07,Parker,Alder,parker.alder@summitridgecloud.example,VP Payments,head_of_payments_product,Summit Ridge Cloud,ACC-1184,b2b_saas_payroll,LATAM,4889,Outbound - Unify Signals,,fraud,False,champion_job_change@2026-02-16|unify_website_visit@2026-02-09|champion_job_change@2026-02-27|email_reply_positive@2026-02-19,Recycled,,,,,,,,Marketing Queue
L-5581,2026-01-09,Jordan,Brooks,jordan.brooks@bluemesacollective.example,Vendor Risk Manager,blocker_procurement,Blue Mesa Collective,ACC-1090,other,NA,242,Webinar,,fraud,False,pricing_page_visit@2026-01-24,Disqualified,,,,,,,Not ICP,Marketing Queue
L-5582,2026-04-07,Rowan,Lowry,rowan.lowry@clearwateragency.example,Office Manager,unknown,Clearwater Agency,ACC-1265,other,EMEA,75,Event,,fraud,False,chat_engaged@2026-04-12|demo_request@2026-04-22|unify_website_visit@2026-04-16,Disqualified,,,,,,,Not ICP,Marketing Queue
L-5583,2026-03-19,Rowan,Thorne,rowan.thorne@riverbendcustody.example,AML Investigations Lead,fraud_ops_manager,Riverbend Custody,ACC-1017,crypto,LATAM,1685,Outbound - Unify Signals,,compliance,True,,Recycled,2026-03-20,2026-03-20,2,,,,,SDR - Dana Lopes
L-5584,2026-08-18,Drew,Ellery,drew.ellery@crescentstudio.example,Model Risk Manager,blocker_procurement,Crescent Studio,ACC-1212,other,NA,498,Webinar,,fraud,False,email_reply_positive@2026-09-07|demo_request@2026-08-27|regulatory_action@2026-09-02,Recycled,,,,,,,,Marketing Queue
L-5585,2026-04-27,Rowan,Jessup,rowan.jessup@oakmontfinancialgroup.example,"Director, Financial Crimes Compliance",bsa_aml_officer,Oakmont Financial Group,ACC-1100,tier1_bank,EMEA,113989,Partner Referral,Modulr,compliance,False,pricing_page_visit@2026-05-04|champion_job_change@2026-04-29|competitor_renewal_window@2026-04-30,Disqualified,2026-04-29,2026-04-29,8,,,,Bad Data,SDR - Eli Novak
L-5586,2026-06-21,Jordan,Marlow,jordan.marlow@arborneo.example,"Head of Product, Onboarding",head_of_payments_product,Arbor Neo,ACC-1136,fintech_neobank,NA,4861,Outbound - Unify Signals,,compliance,False,pricing_page_visit@2026-07-09,Converted,2026-06-21,2026-06-21,4,2026-06-28,2026-07-01,OPP-7060,,SDR - Bri Okafor
L-5587,2026-07-31,Sage,Kestrel,sage.kestrel@copperstateagency.example,Third-Party Risk Lead,blocker_procurement,Copper State Agency,ACC-1321,public_sector,NA,11466,Outbound - Clay Enrichment,,fraud,False,regulatory_action@2026-08-19|webinar_attended@2026-08-17|regulatory_action@2026-08-03|competitor_renewal_window@2026-08-08,Recycled,2026-08-03,2026-08-05,50,,,,,SDR - Gabi Souza
L-5588,2026-02-06,Casey,Dunmore,casey.dunmore@clearwateragency.example,Student,unknown,Clearwater Agency,ACC-1265,other,EMEA,75,Event,,fraud,False,demo_request@2026-02-23,Disqualified,,,,,,,Bad Data,Marketing Queue
L-5589,2026-06-11,Quinn,Marlow,quinn.marlow@prairiefirstmarket.example,Fraud Operations Manager,fraud_ops_manager,Prairie First Market,ACC-1447,marketplace_commerce,NA,4940,Outbound - Clay Enrichment,,fraud,False,chat_engaged@2026-06-27,Recycled,,,,,,,,Marketing Queue
L-5590,2026-07-05,Cameron,Rourke,cameron.rourke@arborpredict.example,Fraud Operations Manager,fraud_ops_manager,Arbor Predict,ACC-1101,gaming_prediction,MENA,1143,Partner Referral,Modulr,fraud,True,new_product_launch@2026-07-21|demo_request@2026-07-22,Recycled,,,,,,,,Marketing Queue
L-5591,2026-04-30,Taylor,Ingram,taylor.ingram@keystonewallet.example,"Director, Fraud Data Science",risk_data_science,Keystone Wallet,ACC-1325,fintech_neobank,LATAM,3895,Webinar,,fraud,True,fraud_team_hiring@2026-05-13,Recycled,2026-05-03,2026-05-04,30,,,,,SDR - Alex Rivera
L-5592,2026-06-13,Casey,Ellery,casey.ellery@bayfrontsavingsbank.example,"SVP, Enterprise Risk",chief_risk_officer,Bayfront Savings Bank,ACC-1038,regional_bank_cu,NA,1045,Content Download,,compliance,True,fraud_team_hiring@2026-07-02|chat_engaged@2026-06-14|email_reply_positive@2026-06-26,Converted,2026-06-14,2026-06-14,20,2026-06-19,2026-06-21,OPP-7061,,SDR - Bri Okafor
L-5593,2026-03-23,Skyler,Alder,skyler.alder@clearwaterwallet.example,"VP, Fraud Strategy",head_of_fraud,Clearwater Wallet,ACC-1205,fintech_neobank,NA,1809,Content Download,,compliance,False,champion_job_change@2026-03-31,Recycled,,,,,,,,Marketing Queue
L-5594,2026-08-25,Skyler,Ingram,skyler.ingram@riverbendsavingsbank.example,"Director, Financial Crimes Compliance",bsa_aml_officer,Riverbend Savings Bank,ACC-1152,regional_bank_cu,NA,1099,Webinar,,fraud,False,,Working,2026-08-28,2026-08-28,20,,,,,SDR - Gabi Souza
L-5595,2026-06-03,Kendall,Lowry,kendall.lowry@pinecrestbanktrust.example,Fraud Operations Manager,fraud_ops_manager,Pinecrest Bank & Trust,ACC-1406,sponsor_bank_baas,NA,718,Content Download,,fraud,True,chat_engaged@2026-06-22,Disqualified,,,,,,,No Use Case,Marketing Queue
L-5596,2026-05-26,Cameron,Calloway,cameroncalloway@gmail.example,Office Manager,unknown,Highland Collective,ACC-1442,other,NA,409,Paid Social,,fraud,False,sardinecon_attended@2026-06-08|champion_job_change@2026-06-03,Disqualified,,,,,,,Bad Data,Marketing Queue
L-5597,2026-02-27,Rowan,Brooks,rowan.brooks@ironwoodneo.example,Chief Compliance Officer,bsa_aml_officer,Ironwood Neo,ACC-1340,fintech_neobank,APAC,2844,Outbound - Clay Enrichment,,compliance,False,fraud_team_hiring@2026-03-11|fraud_team_hiring@2026-03-15,Recycled,,,,,,,,Marketing Queue
L-5598,2026-08-08,Emerson,Sutter,emerson.sutter@redwoodcreditunion.example,Vendor Risk Manager,blocker_procurement,Redwood Credit Union,ACC-1297,regional_bank_cu,NA,4238,Outbound - Unify Signals,,fraud,False,demo_request@2026-08-19|champion_job_change@2026-08-22,Disqualified,,,,,,,No Use Case,Marketing Queue
L-5599,2026-04-07,Avery,Orwell,avery.orwell@harborviewsavingsbank.example,Model Risk Manager,blocker_procurement,Harborview Savings Bank,ACC-1110,regional_bank_cu,NA,4866,Website Chat,,fraud,False,chat_engaged@2026-04-10|webinar_attended@2026-04-20,Recycled,2026-04-08,2026-04-08,6,,,,,SDR - Fran Moretti
L-5600,2026-04-22,Parker,Calloway,parker.calloway@northgatesavingsbank.example,"VP, Fraud Strategy",head_of_fraud,Northgate Savings Bank,ACC-1134,regional_bank_cu,NA,847,Partner Referral,Sponsor bank referral,compliance,False,email_reply_positive@2026-05-03|email_reply_positive@2026-04-27,Recycled,2026-04-24,2026-04-24,2,,,,,SDR - Eli Novak
L-5601,2026-07-19,Cameron,Kestrel,cameron.kestrel@arborcommerce.example,CISO,ciso_security,Arbor Commerce,ACC-1254,marketplace_commerce,,10848,Content Download,,fraud,False,competitor_renewal_window@2026-08-03,Disqualified,,,,,,,No Use Case,Marketing Queue
L-5602,2026-09-21,Morgan,Garrow,morgan.garrow@redwoodcreditunion.example,"SVP, Enterprise Risk",chief_risk_officer,Redwood Credit Union,ACC-1297,regional_bank_cu,NA,4238,Partner Referral,Sponsor bank referral,fraud,False,new_product_launch@2026-09-26|content_download@2026-10-01,New,,,,,,,,Marketing Queue
L-5603,2026-07-27,Jamie,Orwell,jamie.orwell@keystoneagency.example,Student,unknown,Keystone Agency,ACC-1272,other,,245,Webinar,,fraud,False,chat_engaged@2026-08-05|fraud_team_hiring@2026-08-14|chat_engaged@2026-08-06,Disqualified,,,,,,,Student/Job Seeker,Marketing Queue
L-5604,2026-04-27,Reese,Hollis,reese.hollis@sterlingstudio.example,Model Risk Manager,blocker_procurement,Sterling Studio,ACC-1426,other,NA,49,Content Download,,fraud,False,regulatory_action@2026-05-17|email_reply_positive@2026-05-03|pricing_page_visit@2026-04-27,Disqualified,,,,,,,Student/Job Seeker,Marketing Queue
L-5605,2026-08-04,Cameron,Ingram,cameron.ingram@evergreenwallet.example,"Director, Card Products",head_of_payments_product,Evergreen Wallet,ACC-1290,fintech_neobank,EMEA,1405,Webinar,,compliance,False,fraud_team_hiring@2026-08-16|champion_job_change@2026-08-22|content_download@2026-08-12,Working,2026-08-06,2026-08-06,2,,,,,SDR - Bri Okafor
L-5606,2026-03-11,Jamie,Lowry,jamie.lowry@prairiefirstexchange.example,Fraud Operations Manager,fraud_ops_manager,Prairie First Exchange,ACC-1407,crypto,NA,2781,Demo Request,,compliance,False,demo_request@2026-03-27|competitor_renewal_window@2026-03-26|new_product_launch@2026-03-21|chat_engaged@2026-03-30,Disqualified,2026-03-11,2026-03-12,30,,,,,SDR - Alex Rivera
L-5607,2026-02-03,Morgan,Lowry,morgan.lowry@falconbooks.example,"Director, Card Products",head_of_payments_product,Falcon Books,ACC-1286,b2b_saas_payroll,,6229,Event,,fraud,False,competitor_renewal_window@2026-02-07,Disqualified,,,,,,,Competitor,Marketing Queue
L-5608,2026-03-14,Blake,Jessup,blake.jessup@copperstatecard.example,AML Investigations Lead,fraud_ops_manager,Copper State Card,ACC-1251,fintech_neobank,EMEA,468,Outbound - Unify Signals,,fraud,False,regulatory_action@2026-03-23,Recycled,2026-03-16,2026-03-16,1,,,,,SDR - Eli Novak
L-5609,2026-02-06,Quinn,Fairbanks,quinnfairbanks@gmail.example,"Director, Fraud Risk",head_of_fraud,Harborview Payments,ACC-1061,payments_issuing,NA,5084,Partner Referral,SI partner,compliance,False,competitor_renewal_window@2026-02-12|unify_website_visit@2026-02-25,Disqualified,2026-02-06,2026-02-06,20,,,,Duplicate,SDR - Dana Lopes
L-5610,2026-04-08,Drew,Pruitt,drew.pruitt@prairiefirststudio.example,Marketing Coordinator,unknown,Prairie First Studio,ACC-1070,other,LATAM,451,Demo Request,,fraud,False,demo_request@2026-04-21,Disqualified,,,,,,,Student/Job Seeker,Marketing Queue
L-5611,2026-02-22,Kendall,Brooks,kendall.brooks@granitepeakpay.example,Senior Fraud Analyst,fraud_ops_manager,Granite Peak Pay,ACC-1173,fintech_neobank,NA,846,Partner Referral,Sponsor bank referral,fraud,False,,Converted,2026-02-22,2026-02-24,50,2026-03-03,2026-03-03,OPP-7062,,SDR - Eli Novak
L-5612,2026-04-03,Cameron,Dunmore,cameron.dunmore@falconcard.example,Head of Fraud,head_of_fraud,Falcon Card,ACC-1191,fintech_neobank,EMEA,3876,Content Download,,fraud,False,regulatory_action@2026-04-08|new_product_launch@2026-04-09,Recycled,2026-04-06,2026-04-06,3,2026-04-21,,,,SDR - Eli Novak
L-5613,2026-06-13,Quinn,Sutter,quinn.sutter@pinecrestbanktrust.example,BSA/AML Officer,bsa_aml_officer,Pinecrest Bank & Trust,ACC-1406,sponsor_bank_baas,NA,718,Paid Social,,fraud,True,,Disqualified,2026-06-14,2026-06-14,8,,,,Duplicate,SDR - Fran Moretti
L-5614,2026-06-27,Taylor,Marlow,taylor.marlow@cedarvalleysports.example,"Director, Fraud Risk",head_of_fraud,Cedar Valley Sports,ACC-1283,gaming_prediction,NA,462,Content Download,,fraud,True,unify_website_visit@2026-07-12,Recycled,,,,,,,,Marketing Queue
L-5615,2026-09-28,Blake,Quill,blake.quill@highlandtickets.example,Head of Fraud,head_of_fraud,Highland Tickets,ACC-1362,marketplace_commerce,NA,2036,Demo Request,,fraud,False,demo_request@2026-10-01|fraud_team_hiring@2026-10-01,MQL,2026-09-30,,,,,,,SDR - Chen Wu
L-5616,2026-07-30,Parker,Dunmore,parker.dunmore@granitepeakmoney.example,Fraud Operations Manager,fraud_ops_manager,Granite Peak Money,ACC-1320,fintech_neobank,NA,2417,Outbound - Unify Signals,,fraud,False,regulatory_action@2026-07-30,Recycled,2026-08-01,2026-08-01,1,,,,,SDR - Chen Wu
L-5617,2026-06-14,Rowan,Garrow,rowan.garrow@cedarvalleynationalbank.example,"SVP, Enterprise Risk",chief_risk_officer,Cedar Valley National Bank,ACC-1300,sponsor_bank_baas,NA,1923,Website Chat,,fraud,False,chat_engaged@2026-06-23,Recycled,,,,,,,,Marketing Queue
L-5618,2026-04-24,Skyler,Calloway,skyler.calloway@meridiancreditunion.example,BSA/AML Officer,bsa_aml_officer,Meridian Credit Union,ACC-1348,regional_bank_cu,NA,2057,Demo Request,,compliance,True,demo_request@2026-05-01,Recycled,2026-04-27,2026-04-27,4,,,,,SDR - Bri Okafor
L-5619,2026-04-05,Jamie,Thorne,jamie.thorne@highlandbanktrust.example,"VP, Fraud Strategy",head_of_fraud,Highland Bank & Trust,ACC-1337,sponsor_bank_baas,NA,2604,Outbound - Unify Signals,,fraud,False,sardinecon_attended@2026-04-17|demo_request@2026-04-09|pricing_page_visit@2026-04-24,Disqualified,2026-04-07,2026-04-07,4,,,,Existing Open Opp,SDR - Gabi Souza
L-5620,2026-05-27,Jordan,Orwell,jordan.orwell@mapleleafcreditunion.example,AML Investigations Lead,fraud_ops_manager,Maple Leaf Credit Union,ACC-1211,regional_bank_cu,NA,505,Content Download,,compliance,False,regulatory_action@2026-06-04|fraud_team_hiring@2026-05-27|champion_job_change@2026-06-08,Recycled,,,,,,,,Marketing Queue
L-5621,2026-06-21,Riley,Dunmore,riley.dunmore@granitepeakmarket.example,CISO,ciso_security,Granite Peak Market,ACC-1034,marketplace_commerce,LATAM,14184,Webinar,,fraud,False,webinar_attended@2026-07-03|webinar_attended@2026-07-08|webinar_attended@2026-06-30|fraud_team_hiring@2026-06-29,Recycled,2026-06-21,2026-06-23,50,,,,,SDR - Dana Lopes
L-5622,2026-03-03,Rowan,Fairbanks,rowan.fairbanks@silverlinecustody.example,"Director, Financial Crimes Compliance",bsa_aml_officer,Silverline Custody,ACC-1245,crypto,NA,283,Content Download,,compliance,True,,Disqualified,2026-03-05,2026-03-06,30,,,,No Use Case,SDR - Eli Novak
L-5623,2026-04-22,Avery,Ellery,avery.ellery@cedarvalleyauthority.example,Chief Risk Officer,chief_risk_officer,Cedar Valley Authority,ACC-1392,public_sector,NA,48486,Event,,fraud,False,,Recycled,,,,,,,,Marketing Queue
L-5624,2026-03-24,Taylor,Kestrel,taylor.kestrel@clearwatershop.example,"Director, Card Products",head_of_payments_product,Clearwater Shop,ACC-1200,marketplace_commerce,NA,4683,Paid Social,,fraud,True,unify_website_visit@2026-03-29,Recycled,,,,,,,,Marketing Queue
L-5625,2026-03-28,Riley,Calloway,riley.calloway@sterlingfinancialgroup.example,Fraud Operations Manager,fraud_ops_manager,Sterling Financial Group,ACC-1147,tier1_bank,LATAM,159059,Webinar,,compliance,True,sardinecon_attended@2026-03-29,Recycled,,,,,,,,Marketing Queue
L-5626,2026-01-08,Jordan,Marlow,jordan.marlow@pinecrestnationalbank.example,Chief Risk Officer,chief_risk_officer,Pinecrest National Bank,ACC-1350,sponsor_bank_baas,NA,916,Outbound - Unify Signals,,compliance,False,,Recycled,,,,,,,,Marketing Queue
L-5627,2026-07-21,Parker,Thorne,parker.thorne@oakmontchain.example,"Director, Fraud Risk",head_of_fraud,Oakmont Chain,ACC-1332,crypto,NA,2575,Paid Social,,fraud,False,content_download@2026-08-04|competitor_renewal_window@2026-07-28,Disqualified,2026-07-22,2026-07-23,30,,,,Competitor,SDR - Fran Moretti
L-5628,2026-05-16,Reese,Ellery,reese.ellery@mapleleafcollective.example,Consultant,unknown,Maple Leaf Collective,ACC-1089,other,NA,132,Webinar,,fraud,False,demo_request@2026-05-29,Disqualified,,,,,,,Not ICP,Marketing Queue
L-5629,2026-08-08,Rowan,Orwell,rowan.orwell@pinecrestcommunitybank.example,Senior Fraud Analyst,fraud_ops_manager,Pinecrest Community Bank,ACC-1106,regional_bank_cu,NA,404,Outbound - Unify Signals,,fraud,False,regulatory_action@2026-08-22,Recycled,2026-08-09,2026-08-09,4,2026-08-14,,,,SDR - Fran Moretti
L-5630,2026-07-10,Cameron,Jessup,cameron.jessup@clearwatermoney.example,"Lead Data Scientist, Risk",risk_data_science,Clearwater Money,ACC-1401,fintech_neobank,NA,2805,Outbound - Clay Enrichment,,compliance,True,email_reply_positive@2026-07-23,Recycled,,,,,,,,Marketing Queue
L-5631,2026-04-17,Sage,Nash,sage.nash@mapleleafcreditunion.example,"Director, Financial Crimes Compliance",bsa_aml_officer,Maple Leaf Credit Union,ACC-1211,regional_bank_cu,NA,505,Content Download,,compliance,False,pricing_page_visit@2026-04-29,Recycled,2026-04-18,2026-04-18,6,,,,,SDR - Gabi Souza
L-5632,2026-03-23,Parker,Kestrel,parker.kestrel@bluemesapay.example,VP Payments,head_of_payments_product,Blue Mesa Pay,ACC-1410,fintech_neobank,,2014,Outbound - Unify Signals,,compliance,True,unify_website_visit@2026-03-27,Disqualified,,,,,,,Not ICP,Marketing Queue
L-5633,2026-06-14,Reese,Calloway,reese.calloway@arborfederalcu.example,BSA/AML Officer,bsa_aml_officer,Arbor Federal CU,ACC-1169,regional_bank_cu,NA,275,Event,,fraud,False,pricing_page_visit@2026-06-20,Converted,2026-06-15,2026-06-15,6,2026-06-29,2026-06-30,OPP-7063,,SDR - Eli Novak
L-5634,2026-03-27,Emerson,Dunmore,emerson.dunmore@silverlinecommerce.example,"Head of Product, Onboarding",head_of_payments_product,Silverline Commerce,ACC-1316,marketplace_commerce,NA,13284,Partner Referral,SI partner,fraud,False,webinar_attended@2026-04-03|chat_engaged@2026-03-31,Recycled,2026-03-30,2026-03-31,30,2026-04-02,,,,SDR - Dana Lopes
L-5635,2026-08-22,Casey,Thorne,casey.thorne@westfieldmerchantservices.example,"Director, Card Products",head_of_payments_product,Westfield Merchant Services,ACC-1299,payments_issuing,EMEA,16295,Website Chat,,compliance,True,chat_engaged@2026-09-09|sardinecon_attended@2026-09-01|chat_engaged@2026-09-02|chat_engaged@2026-08-27,SQL,2026-08-23,2026-08-23,8,2026-09-06,,,,SDR - Gabi Souza
L-5636,2026-08-06,Sage,Ingram,sage.ingram@falconwallet.example,"VP, Fraud Strategy",head_of_fraud,Falcon Wallet,ACC-1253,fintech_neobank,LATAM,2770,Webinar,,compliance,True,webinar_attended@2026-08-12,Working,2026-08-07,2026-08-07,1,,,,,SDR - Dana Lopes
L-5637,2026-01-25,Skyler,Rourke,skyler.rourke@falconshop.example,AML Investigations Lead,fraud_ops_manager,Falcon Shop,ACC-1221,marketplace_commerce,LATAM,11913,Paid Social,,fraud,True,email_reply_positive@2026-02-08|champion_job_change@2026-01-27,Recycled,,,,,,,,Marketing Queue
L-5638,2026-09-02,Rowan,Kestrel,rowan.kestrel@stonebridgefederalcu.example,"Director, Fraud Risk",head_of_fraud,Stonebridge Federal CU,ACC-1194,regional_bank_cu,NA,3193,Outbound - Unify Signals,,fraud,True,competitor_renewal_window@2026-09-10,Working,2026-09-04,2026-09-04,3,,,,,SDR - Bri Okafor
L-5639,2026-05-21,Avery,Ellery,avery.ellery@evergreennationalbank.example,Head of Fraud,head_of_fraud,Evergreen National Bank,ACC-1250,sponsor_bank_baas,NA,2597,Demo Request,,compliance,True,demo_request@2026-05-23|email_reply_positive@2026-05-31|new_product_launch@2026-05-24,Recycled,2026-05-21,2026-05-21,3,2026-05-26,,,,SDR - Fran Moretti
L-5640,2026-06-28,Skyler,Dunmore,skyler.dunmore@westfielddepartment.example,Vendor Risk Manager,blocker_procurement,Westfield Department,ACC-1006,public_sector,NA,3847,Demo Request,,fraud,False,demo_request@2026-07-12,Converted,2026-06-28,2026-06-28,3,2026-07-01,2026-07-06,OPP-7064,,SDR - Fran Moretti
L-5641,2026-06-18,Kendall,Fairbanks,kendall.fairbanks@cedarvalleydepartment.example,CISO,ciso_security,Cedar Valley Department,ACC-1040,public_sector,NA,37066,Partner Referral,Modulr,fraud,True,unify_website_visit@2026-07-03,Disqualified,,,,,,,No Use Case,Marketing Queue
L-5642,2026-04-16,Blake,Sutter,blake.sutter@cedarvalleydepartment.example,"SVP, Enterprise Risk",chief_risk_officer,Cedar Valley Department,ACC-1040,public_sector,NA,37066,Paid Social,,fraud,True,,Recycled,,,,,,,,Marketing Queue
L-5643,2026-03-29,Sage,Jessup,sage.jessup@summitridgechain.example,"Director, Financial Crimes Compliance",bsa_aml_officer,Summit Ridge Chain,ACC-1387,crypto,APAC,2799,Outbound - Unify Signals,,fraud,True,fraud_team_hiring@2026-04-07|fraud_team_hiring@2026-04-11,Recycled,,,,,,,,Marketing Queue
L-5644,2026-03-28,Jordan,Thorne,jordan.thorne@stonebridgewallet.example,"Director, Financial Crimes Compliance",bsa_aml_officer,Stonebridge Wallet,ACC-1128,fintech_neobank,NA,863,Demo Request,,fraud,False,demo_request@2026-04-08,Disqualified,2026-03-28,2026-03-28,8,,,,Bad Data,SDR - Alex Rivera
L-5645,2026-06-17,Cameron,Pruitt,cameron.pruitt@westfieldneo.example,Chief Compliance Officer,bsa_aml_officer,Westfield Neo,ACC-1291,fintech_neobank,NA,509,Outbound - Clay Enrichment,,compliance,True,email_reply_positive@2026-07-02,Disqualified,2026-06-18,2026-06-18,1,,,,Existing Open Opp,SDR - Gabi Souza
L-5646,2026-08-30,Hayden,Alder,hayden.alder@oakmontcollective.example,Consultant,unknown,Oakmont Collective,ACC-1433,other,EMEA,173,Outbound - Clay Enrichment,,fraud,False,pricing_page_visit@2026-09-11,Disqualified,,,,,,,Bad Data,Marketing Queue
L-5647,2026-04-03,Rowan,Pruitt,rowan.pruitt@arborcustody.example,"Director, Fraud Risk",head_of_fraud,Arbor Custody,ACC-1007,crypto,NA,1250,Webinar,,compliance,False,pricing_page_visit@2026-04-09|chat_engaged@2026-04-03,Disqualified,2026-04-04,2026-04-04,6,,,,Competitor,SDR - Fran Moretti
L-5648,2026-08-15,Cameron,Dunmore,cameron.dunmore@westfieldpayments.example,"SVP, Enterprise Risk",chief_risk_officer,Westfield Payments,ACC-1255,payments_issuing,NA,12543,Webinar,,fraud,False,champion_job_change@2026-08-16,Recycled,,,,,,,,Marketing Queue
L-5649,2026-08-06,Reese,Fairbanks,reese.fairbanks@clearwaterchain.example,Chief Compliance Officer,bsa_aml_officer,Clearwater Chain,ACC-1411,crypto,NA,1675,Outbound - Clay Enrichment,,fraud,True,,Recycled,,,,,,,,Marketing Queue
L-5650,2026-03-11,Cameron,Nash,cameron.nash@tidewatershop.example,AML Investigations Lead,fraud_ops_manager,Tidewater Shop,ACC-1371,marketplace_commerce,EMEA,5149,Event,,fraud,False,regulatory_action@2026-03-13|demo_request@2026-03-25,Disqualified,,,,,,,No Use Case,Marketing Queue
L-5651,2026-06-28,Logan,Hollis,logan.hollis@redwoodsports.example,BSA/AML Officer,bsa_aml_officer,Redwood Sports,ACC-1402,gaming_prediction,NA,1550,Event,,fraud,False,pricing_page_visit@2026-07-08|email_reply_positive@2026-07-18,Recycled,,,,,,,,Marketing Queue
L-5652,2026-02-22,Parker,Orwell,parker.orwell@tidewatermoney.example,Head of Risk Analytics,risk_data_science,Tidewater Money,ACC-1160,fintech_neobank,NA,4950,Outbound - Unify Signals,,fraud,False,fraud_team_hiring@2026-03-04|chat_engaged@2026-03-10,Disqualified,2026-02-25,2026-02-25,4,,,,Bad Data,SDR - Dana Lopes
L-5653,2026-01-06,Blake,Ellery,blake.ellery@evergreencard.example,"Director, Card Products",head_of_payments_product,Evergreen Card,ACC-1126,fintech_neobank,NA,1928,Event,,fraud,True,fraud_team_hiring@2026-01-21,Disqualified,,,,,,,Competitor,Marketing Queue
L-5654,2026-03-07,Reese,Hollis,reese.hollis@tidewaterfederalcu.example,Third-Party Risk Lead,blocker_procurement,Tidewater Federal CU,ACC-1096,regional_bank_cu,NA,3556,Paid Social,,compliance,True,competitor_renewal_window@2026-03-13|new_product_launch@2026-03-23,Recycled,2026-03-08,2026-03-08,3,,,,,SDR - Alex Rivera
L-5655,2026-03-21,Skyler,Dunmore,skyler.dunmore@cedarvalleybooks.example,"Head of Product, Onboarding",head_of_payments_product,Cedar Valley Books,ACC-1188,b2b_saas_payroll,NA,7007,Outbound - Clay Enrichment,,fraud,False,new_product_launch@2026-03-26|fraud_team_hiring@2026-04-04,Converted,2026-03-24,2026-03-24,6,2026-03-28,2026-03-28,OPP-7065,,SDR - Eli Novak
L-5656,2026-03-18,Skyler,Marlow,skyler.marlow@pinecrestchain.example,Head of Fraud,head_of_fraud,Pinecrest Chain,ACC-1244,crypto,EMEA,2472,Event,,compliance,True,content_download@2026-04-04|demo_request@2026-04-07|content_download@2026-04-07,Recycled,,,,,,,,Marketing Queue
L-5657,2026-03-13,Morgan,Ellery,morgan.ellery@unionsquarehr.example,"VP, Fraud Strategy",head_of_fraud,Union Square HR,ACC-1261,b2b_saas_payroll,EMEA,915,Outbound - Clay Enrichment,,fraud,False,,Recycled,,,,,,,,Marketing Queue
L-5658,2026-08-04,Sage,Nash,sage.nash@granitepeakpay.example,Head of Fraud,head_of_fraud,Granite Peak Pay,ACC-1173,fintech_neobank,NA,846,Event,,compliance,False,regulatory_action@2026-08-16|new_product_launch@2026-08-05,Recycled,2026-08-04,2026-08-04,4,2026-08-07,,,,SDR - Bri Okafor
L-5659,2026-01-17,Jordan,Hollis,jordan.hollis@cedarvalleyconsulting.example,Third-Party Risk Lead,blocker_procurement,Cedar Valley Consulting,ACC-1028,other,EMEA,422,Website Chat,,fraud,False,chat_engaged@2026-01-24|regulatory_action@2026-01-18,Disqualified,2026-01-19,2026-01-19,8,,,,Not ICP,SDR - Dana Lopes
L-5660,2026-02-08,Jamie,Sutter,jamie.sutter@redwoodbanktrust.example,Fraud Operations Manager,fraud_ops_manager,Redwood Bank & Trust,ACC-1012,sponsor_bank_baas,NA,1654,Website Chat,,compliance,True,chat_engaged@2026-02-14,Recycled,,,,,,,,Marketing Queue
L-5661,2026-03-23,Sage,Marlow,sage.marlow@cedarvalleypredict.example,"VP, Fraud Strategy",head_of_fraud,Cedar Valley Predict,ACC-1203,gaming_prediction,EMEA,1272,Partner Referral,Helix by Q2,fraud,False,competitor_renewal_window@2026-04-11|webinar_attended@2026-03-31|new_product_launch@2026-04-03,Recycled,,,,,,,,Marketing Queue
L-5662,2026-05-31,Kendall,Quill,kendall.quill@evergreenneo.example,"Director, Fraud Risk",head_of_fraud,Evergreen Neo,ACC-1201,fintech_neobank,MENA,3011,Outbound - Clay Enrichment,,compliance,True,,Recycled,2026-05-31,2026-05-31,4,2026-06-11,,,,SDR - Fran Moretti
L-5663,2026-07-08,Jamie,Sutter,jamie.sutter@westfieldbaas.example,"Director, Fraud Risk",head_of_fraud,Westfield BaaS,ACC-1109,sponsor_bank_baas,EMEA,770,Outbound - Clay Enrichment,,compliance,False,,Recycled,2026-07-10,2026-07-10,1,2026-07-14,,,,SDR - Dana Lopes
L-5664,2026-08-27,Kendall,Jessup,kendall.jessup@lakeshoreagency.example,Marketing Coordinator,unknown,Lakeshore Agency,ACC-1368,other,NA,442,Outbound - Unify Signals,,fraud,False,pricing_page_visit@2026-09-11|regulatory_action@2026-09-13,Working,2026-08-27,2026-08-27,1,,,,,SDR - Chen Wu
L-5665,2026-08-20,Taylor,Garrow,taylor.garrow@harborviewcommerce.example,Fraud Operations Manager,fraud_ops_manager,Harborview Commerce,ACC-1000,marketplace_commerce,NA,2386,Outbound - Unify Signals,,fraud,False,pricing_page_visit@2026-08-23|demo_request@2026-08-31,Working,2026-08-22,2026-08-22,20,,,,,SDR - Alex Rivera
L-5666,2026-05-19,Avery,Dunmore,avery.dunmore@mapleleafsavingsbank.example,Head of Fraud,head_of_fraud,Maple Leaf Savings Bank,ACC-1154,regional_bank_cu,NA,4233,Outbound - Clay Enrichment,,fraud,False,email_reply_positive@2026-05-25|chat_engaged@2026-06-08|competitor_renewal_window@2026-05-19|regulatory_action@2026-05-24,Converted,2026-05-22,2026-05-22,2,2026-05-26,2026-05-29,OPP-7066,,SDR - Alex Rivera
L-5667,2026-08-31,Avery,Sutter,avery.sutter@arborcommerce.example,"Head of Product, Onboarding",head_of_payments_product,Arbor Commerce,ACC-1254,marketplace_commerce,NA,10848,Outbound - Unify Signals,,fraud,False,,Disqualified,,,,,,,Competitor,Marketing Queue
L-5668,2026-01-17,Logan,Nash,logan.nash@summitridgemerchantservices.example,"Lead Data Scientist, Risk",risk_data_science,Summit Ridge Merchant Services,ACC-1103,payments_issuing,NA,7135,Paid Social,,compliance,False,unify_website_visit@2026-01-24|competitor_renewal_window@2026-01-31|email_reply_positive@2026-01-17|champion_job_change@2026-01-18,Disqualified,,,,,,,No Use Case,Marketing Queue
L-5669,2026-09-03,Blake,Ellery,blake.ellery@cedarvalleybooks.example,"Head of Product, Onboarding",head_of_payments_product,Cedar Valley Books,ACC-1188,b2b_saas_payroll,NA,7007,Partner Referral,Modulr,fraud,False,sardinecon_attended@2026-09-20,New,,,,,,,,Marketing Queue
L-5670,2026-06-03,Hayden,Calloway,hayden.calloway@cedarvalleywallet.example,"Director, Financial Crimes Compliance",bsa_aml_officer,Cedar Valley Wallet,ACC-1239,fintech_neobank,EMEA,4386,Webinar,,fraud,False,email_reply_positive@2026-06-18|champion_job_change@2026-06-20|content_download@2026-06-14,Disqualified,,,,,,,No Use Case,Marketing Queue
L-5671,2026-06-29,Logan,Ellery,logan.ellery@oakmontmarket.example,Head of Fraud,head_of_fraud,Oakmont Market,ACC-1084,marketplace_commerce,EMEA,12406,Partner Referral,Modulr,fraud,False,new_product_launch@2026-07-19|competitor_renewal_window@2026-07-04,Recycled,,,,,,,,Marketing Queue
L-5672,2026-01-26,Jamie,Kestrel,jamie.kestrel@northgatewallet.example,"Director, Fraud Data Science",risk_data_science,Northgate Wallet,ACC-1256,fintech_neobank,NA,3508,Partner Referral,Helix by Q2,fraud,False,webinar_attended@2026-02-12|champion_job_change@2026-01-31,Recycled,,,,,,,,Marketing Queue
L-5673,2026-07-03,Emerson,Ellery,emerson.ellery@granitepeakgames.example,Senior Fraud Analyst,fraud_ops_manager,Granite Peak Games,ACC-1112,gaming_prediction,EMEA,667,Outbound - Unify Signals,,fraud,False,chat_engaged@2026-07-10|champion_job_change@2026-07-23,Disqualified,2026-07-03,2026-07-05,50,,,,Competitor,SDR - Chen Wu
L-5674,2026-06-09,Avery,Alder,avery.alder@highlandcloud.example,VP Payments,head_of_payments_product,Highland Cloud,ACC-1123,b2b_saas_payroll,EMEA,8241,Content Download,,fraud,False,chat_engaged@2026-06-15,Converted,2026-06-09,2026-06-09,2,2026-06-12,2026-06-14,OPP-7067,,SDR - Fran Moretti
L-5675,2026-06-29,Kendall,Sutter,kendall.sutter@tidewaterprocessing.example,Head of Risk Analytics,risk_data_science,Tidewater Processing,ACC-1305,payments_issuing,NA,3025,Outbound - Unify Signals,,compliance,True,webinar_attended@2026-07-12,Disqualified,,,,,,,No Use Case,Marketing Queue
L-5676,2026-07-20,Cameron,Pruitt,cameron.pruitt@summitridgesavingsbank.example,Fraud Operations Manager,fraud_ops_manager,Summit Ridge Savings Bank,ACC-1130,regional_bank_cu,NA,1184,Partner Referral,Helix by Q2,fraud,False,fraud_team_hiring@2026-08-08,Recycled,,,,,,,,Marketing Queue
L-5677,2026-02-22,Kendall,Pruitt,kendall.pruitt@keystonenationalbank.example,Chief Risk Officer,chief_risk_officer,Keystone National Bank,ACC-1042,sponsor_bank_baas,NA,1742,Outbound - Clay Enrichment,,fraud,False,sardinecon_attended@2026-03-01,Recycled,2026-02-25,2026-02-25,2,2026-03-01,,,,SDR - Eli Novak
L-5678,2026-09-19,Rowan,Rourke,rowan.rourke@oakmontprocessing.example,"VP, Fraud Strategy",head_of_fraud,Oakmont Processing,ACC-1227,payments_issuing,NA,10829,Webinar,,compliance,False,competitor_renewal_window@2026-10-01,New,,,,,,,,Marketing Queue
L-5679,2026-01-25,Morgan,Garrow,morgan.garrow@crescentpay.example,VP Payments,head_of_payments_product,Crescent Pay,ACC-1150,fintech_neobank,LATAM,2741,Paid Social,,fraud,True,content_download@2026-01-28|champion_job_change@2026-01-29,Disqualified,,,,,,,Not ICP,Marketing Queue
L-5680,2026-04-29,Riley,Fairbanks,riley.fairbanks@mapleleafsavingsbank.example,"Director, Fraud Risk",head_of_fraud,Maple Leaf Savings Bank,ACC-1154,regional_bank_cu,NA,4233,Event,,compliance,False,fraud_team_hiring@2026-05-14|unify_website_visit@2026-05-13|email_reply_positive@2026-05-02,Recycled,2026-05-01,2026-05-01,20,2026-05-11,,,,SDR - Alex Rivera
L-5681,2026-01-22,Morgan,Calloway,morgan.calloway@oakmontagency.example,Student,unknown,Oakmont Agency,ACC-1214,other,NA,145,Paid Social,,fraud,False,competitor_renewal_window@2026-02-04,Disqualified,,,,,,,Student/Job Seeker,Marketing Queue
L-5682,2026-03-07,Taylor,Orwell,taylor.orwell@bluemesaagency.example,Student,unknown,Blue Mesa Agency,ACC-1448,other,NA,180,Website Chat,,fraud,False,chat_engaged@2026-03-12,Disqualified,,,,,,,Student/Job Seeker,Marketing Queue
L-5683,2026-03-05,Casey,Marlow,caseymarlow@gmail.example,Student,unknown,Blue Mesa Studio,ACC-1298,other,EMEA,365,Partner Referral,Helix by Q2,fraud,False,pricing_page_visit@2026-03-14,Recycled,2026-03-07,2026-03-09,50,2026-03-25,,,,SDR - Gabi Souza
L-5684,2026-04-11,Quinn,Marlow,quinn.marlow@silverlinecustody.example,BSA/AML Officer,bsa_aml_officer,Silverline Custody,ACC-1245,crypto,NA,283,Outbound - Clay Enrichment,,compliance,True,unify_website_visit@2026-04-14,Converted,2026-04-12,2026-04-14,50,2026-04-28,2026-05-02,OPP-7068,,SDR - Eli Novak
L-5685,2026-08-04,Avery,Garrow,avery.garrow@oakmontmarket.example,Head of Trust & Safety,ciso_security,Oakmont Market,ACC-1084,marketplace_commerce,EMEA,12406,Event,,fraud,False,webinar_attended@2026-08-17|demo_request@2026-08-17|demo_request@2026-08-14|email_reply_positive@2026-08-16,Converted,2026-08-05,2026-08-05,3,2026-08-19,2026-08-22,OPP-7069,,SDR - Bri Okafor
L-5686,2026-09-28,Kendall,Alder,kendall.alder@highlandcloud.example,Head of Trust & Safety,ciso_security,Highland Cloud,ACC-1123,b2b_saas_payroll,EMEA,8241,Paid Social,,fraud,False,chat_engaged@2026-10-01,Enriching,,,,,,,,Marketing Queue
L-5687,2026-05-27,Reese,Rourke,reese.rourke@cedarvalleyissuing.example,"Lead Data Scientist, Risk",risk_data_science,Cedar Valley Issuing,ACC-1020,payments_issuing,NA,15537,Outbound - Unify Signals,,fraud,False,champion_job_change@2026-06-06,Recycled,,,,,,,,Marketing Queue
L-5688,2026-03-16,Skyler,Rourke,skyler.rourke@falconplay.example,AML Investigations Lead,fraud_ops_manager,Falcon Play,ACC-1301,gaming_prediction,EMEA,1503,Outbound - Clay Enrichment,,fraud,True,competitor_renewal_window@2026-03-31,Recycled,,,,,,,,Marketing Queue
L-5689,2026-05-01,Taylor,Kestrel,taylor.kestrel@granitepeaksports.example,Senior Fraud Analyst,fraud_ops_manager,Granite Peak Sports,ACC-1304,gaming_prediction,NA,1184,Event,,fraud,False,sardinecon_attended@2026-05-08|fraud_team_hiring@2026-05-07|sardinecon_attended@2026-05-10,Recycled,2026-05-04,2026-05-04,4,,,,,SDR - Chen Wu
L-5690,2026-07-09,Sage,Fairbanks,sage.fairbanks@bayfrontgames.example,AML Investigations Lead,fraud_ops_manager,Bayfront Games,ACC-1097,gaming_prediction,LATAM,1617,Partner Referral,Sponsor bank referral,fraud,False,regulatory_action@2026-07-27,Disqualified,2026-07-10,2026-07-10,4,,,,Competitor,SDR - Chen Wu
L-5691,2026-09-09,Riley,Marlow,riley.marlow@keystonecommerce.example,"Director, Card Products",head_of_payments_product,Keystone Commerce,ACC-1125,marketplace_commerce,NA,12321,Paid Social,,fraud,False,regulatory_action@2026-09-26|sardinecon_attended@2026-09-13|webinar_attended@2026-09-28|chat_engaged@2026-09-17,Working,2026-09-10,2026-09-10,6,,,,,SDR - Eli Novak
L-5692,2026-09-23,Jordan,Nash,jordan.nash@clearwaternationalbank.example,"VP, Fraud Strategy",head_of_fraud,Clearwater National Bank,ACC-1420,sponsor_bank_baas,EMEA,2314,Outbound - Unify Signals,,compliance,True,,Working,2026-09-26,2026-09-26,8,,,,,SDR - Gabi Souza
L-5693,2026-01-26,Drew,Ellery,drew.ellery@bluemesapay.example,Head of Fraud,head_of_fraud,Blue Mesa Pay,ACC-1410,fintech_neobank,NA,2014,Demo Request,,fraud,True,demo_request@2026-02-12,Recycled,2026-01-26,2026-01-26,1,2026-02-06,,,,SDR - Bri Okafor
L-5694,2026-05-21,Quinn,Marlow,quinn.marlow@granitepeakgames.example,AML Investigations Lead,fraud_ops_manager,Granite Peak Games,ACC-1112,gaming_prediction,EMEA,667,Partner Referral,Sponsor bank referral,fraud,False,pricing_page_visit@2026-05-21|new_product_launch@2026-06-08|sardinecon_attended@2026-05-28,Recycled,,,,,,,,Marketing Queue
L-5695,2026-03-09,Jamie,Orwell,jamie.orwell@summitridgepay.example,AML Investigations Lead,fraud_ops_manager,Summit Ridge Pay,ACC-1414,fintech_neobank,EMEA,717,Demo Request,,compliance,False,demo_request@2026-03-16,Disqualified,2026-03-09,2026-03-09,4,,,,No Use Case,SDR - Dana Lopes
L-5696,2026-02-25,Casey,Marlow,casey.marlow@westfieldbaas.example,"SVP, Enterprise Risk",chief_risk_officer,Westfield BaaS,ACC-1109,sponsor_bank_baas,EMEA,770,Demo Request,,compliance,False,demo_request@2026-03-11,Disqualified,2026-02-27,2026-02-27,4,,,,Existing Open Opp,SDR - Chen Wu
L-5697,2026-09-21,Kendall,Marlow,kendall.marlow@riverbendfederalcu.example,Fraud Operations Manager,fraud_ops_manager,Riverbend Federal CU,ACC-1010,regional_bank_cu,NA,3138,Outbound - Unify Signals,,compliance,True,fraud_team_hiring@2026-09-27|sardinecon_attended@2026-09-25|competitor_renewal_window@2026-09-23,Working,2026-09-24,2026-09-24,6,,,,,SDR - Dana Lopes
L-5698,2026-01-17,Rowan,Sutter,rowan.sutter@oakmontcommunitybank.example,AML Investigations Lead,fraud_ops_manager,Oakmont Community Bank,ACC-1307,regional_bank_cu,NA,3836,Content Download,,fraud,False,chat_engaged@2026-01-31|competitor_renewal_window@2026-01-17,Converted,2026-01-20,2026-01-20,20,2026-01-26,2026-01-28,OPP-7070,,SDR - Dana Lopes
L-5699,2026-04-27,Morgan,Thorne,morgan.thorne@crescentnationalbank.example,Chief Risk Officer,chief_risk_officer,Crescent National Bank,ACC-1080,sponsor_bank_baas,EMEA,812,Partner Referral,Modulr,compliance,False,content_download@2026-05-08|demo_request@2026-05-04|chat_engaged@2026-05-02,Recycled,2026-04-29,2026-04-30,30,2026-05-04,,,,SDR - Bri Okafor
L-5700,2026-03-31,Jordan,Sutter,jordan.sutter@oakmontpay.example,BSA/AML Officer,bsa_aml_officer,Oakmont Pay,ACC-1209,fintech_neobank,,469,Partner Referral,Helix by Q2,compliance,True,chat_engaged@2026-04-19,Recycled,2026-04-03,2026-04-03,20,,,,,SDR - Eli Novak
L-5701,2026-02-08,Blake,Dunmore,blake.dunmore@prairiefirsthr.example,Head of Fraud,head_of_fraud,Prairie First HR,ACC-1364,b2b_saas_payroll,NA,2388,Demo Request,,fraud,False,demo_request@2026-02-13,Recycled,2026-02-09,2026-02-09,3,,,,,SDR - Chen Wu
L-5702,2026-05-24,Casey,Fairbanks,casey.fairbanks@ironwoodconsulting.example,Consultant,unknown,Ironwood Consulting,ACC-1437,other,MENA,241,Partner Referral,Helix by Q2,fraud,False,demo_request@2026-06-05,Disqualified,,,,,,,Bad Data,Marketing Queue
L-5703,2026-08-25,Kendall,Brooks,kendall.brooks@silverlinemarket.example,"Director, Information Security",ciso_security,Silverline Market,ACC-1236,marketplace_commerce,NA,5421,Webinar,,fraud,False,competitor_renewal_window@2026-09-01|pricing_page_visit@2026-09-14,Working,2026-08-28,2026-08-30,50,,,,,SDR - Eli Novak
L-5704,2026-09-30,Sage,Nash,sage.nash@copperstatebanktrust.example,Fraud Operations Manager,fraud_ops_manager,Copper State Bank & Trust,ACC-1277,sponsor_bank_baas,NA,1085,Outbound - Clay Enrichment,,compliance,False,new_product_launch@2026-10-01|email_reply_positive@2026-10-01|fraud_team_hiring@2026-10-01|email_reply_positive@2026-10-01,New,,,,,,,,Marketing Queue
L-5705,2026-07-12,Hayden,Marlow,hayden.marlow@summitridgeauthority.example,Third-Party Risk Lead,blocker_procurement,Summit Ridge Authority,ACC-1037,public_sector,,43824,Paid Social,,fraud,False,,Recycled,,,,,,,,Marketing Queue
L-5706,2026-03-21,Casey,Alder,casey.alder@granitepeakdigitalassets.example,Fraud Operations Manager,fraud_ops_manager,Granite Peak Digital Assets,ACC-1396,crypto,NA,1030,Outbound - Clay Enrichment,,fraud,False,email_reply_positive@2026-03-25|champion_job_change@2026-03-30|content_download@2026-03-28,Recycled,,,,,,,,Marketing Queue
L-5707,2026-08-05,Riley,Jessup,riley.jessup@cedarvalleycollective.example,Consultant,unknown,Cedar Valley Collective,ACC-1237,other,LATAM,129,Website Chat,,fraud,False,chat_engaged@2026-08-25,Disqualified,,,,,,,Not ICP,Marketing Queue
L-5708,2026-01-25,Skyler,Garrow,skyler.garrow@clearwaternationalbank.example,AML Investigations Lead,fraud_ops_manager,Clearwater National Bank,ACC-1420,sponsor_bank_baas,EMEA,2314,Outbound - Clay Enrichment,,compliance,True,,Recycled,,,,,,,,Marketing Queue
L-5709,2026-09-22,Skyler,Thorne,skyler.thorne@ironwoodstudio.example,Marketing Coordinator,unknown,Ironwood Studio,ACC-1030,other,NA,315,Content Download,,fraud,False,sardinecon_attended@2026-09-22|regulatory_action@2026-10-01,Disqualified,,,,,,,Not ICP,Marketing Queue
L-5710,2026-08-14,Casey,Marlow,casey.marlow@falcongames.example,BSA/AML Officer,bsa_aml_officer,Falcon Games,ACC-1224,gaming_prediction,NA,1397,Partner Referral,Helix by Q2,fraud,False,new_product_launch@2026-09-01|new_product_launch@2026-08-16,Disqualified,,,,,,,Not ICP,Marketing Queue
L-5711,2026-05-26,Avery,Ellery,avery.ellery@westfieldbanktrust.example,AML Investigations Lead,fraud_ops_manager,Westfield Bank & Trust,ACC-1047,sponsor_bank_baas,EMEA,1063,Outbound - Unify Signals,,fraud,True,demo_request@2026-06-04,Disqualified,,,,,,,No Use Case,Marketing Queue
L-5712,2026-02-07,Quinn,Pruitt,quinn.pruitt@harborviewwallet.example,"Director, Fraud Risk",head_of_fraud,Harborview Wallet,ACC-1107,fintech_neobank,NA,1074,Webinar,,fraud,False,webinar_attended@2026-02-22|email_reply_positive@2026-02-09|unify_website_visit@2026-02-21,Disqualified,2026-02-09,2026-02-10,30,,,,No Use Case,SDR - Chen Wu
L-5713,2026-06-21,Kendall,Hollis,kendall.hollis@mapleleafcustody.example,AML Investigations Lead,fraud_ops_manager,Maple Leaf Custody,ACC-1323,crypto,NA,1313,Partner Referral,Modulr,fraud,False,competitor_renewal_window@2026-07-09|new_product_launch@2026-06-29,Disqualified,2026-06-23,2026-06-24,30,,,,Not ICP,SDR - Gabi Souza
L-5714,2026-02-28,Casey,Dunmore,casey.dunmore@keystonecollective.example,Consultant,unknown,Keystone Collective,ACC-1441,other,NA,477,Webinar,,fraud,False,email_reply_positive@2026-03-07|unify_website_visit@2026-03-14,Disqualified,,,,,,,Student/Job Seeker,Marketing Queue
L-5715,2026-05-09,Jordan,Nash,jordan.nash@mapleleafpayments.example,"VP, Fraud Strategy",head_of_fraud,Maple Leaf Payments,ACC-1153,payments_issuing,EMEA,17979,Webinar,,fraud,False,champion_job_change@2026-05-11|email_reply_positive@2026-05-19,Recycled,2026-05-09,2026-05-09,8,,,,,SDR - Dana Lopes
L-5716,2026-07-31,Kendall,Kestrel,kendall.kestrel@summitridgeshop.example,Head of Trust & Safety,ciso_security,Summit Ridge Shop,ACC-1202,marketplace_commerce,NA,2101,Outbound - Unify Signals,,fraud,False,webinar_attended@2026-08-07|fraud_team_hiring@2026-08-05|sardinecon_attended@2026-08-05,Recycled,2026-07-31,2026-07-31,1,2026-08-08,,,,SDR - Fran Moretti
L-5717,2026-01-06,Casey,Jessup,casey.jessup@arborfinancialgroup.example,"VP, Fraud Strategy",head_of_fraud,Arbor Financial Group,ACC-1077,tier1_bank,EMEA,183801,Outbound - Clay Enrichment,,fraud,True,,Recycled,,,,,,,,Marketing Queue
L-5718,2026-01-24,Logan,Jessup,logan.jessup@arborfederalcu.example,BSA/AML Officer,bsa_aml_officer,Arbor Federal CU,ACC-1169,regional_bank_cu,NA,275,Demo Request,,fraud,False,demo_request@2026-01-24|unify_website_visit@2026-01-29|content_download@2026-02-08|chat_engaged@2026-02-01,Converted,2026-01-27,2026-01-27,6,2026-02-10,2026-02-10,OPP-7071,,SDR - Fran Moretti
L-5719,2026-07-25,Cameron,Quill,cameron.quill@cedarvalleyexchange.example,BSA/AML Officer,bsa_aml_officer,Cedar Valley Exchange,ACC-1145,crypto,LATAM,3058,Event,,fraud,True,competitor_renewal_window@2026-08-09|email_reply_positive@2026-08-08,Recycled,2026-07-26,2026-07-26,6,,,,,SDR - Fran Moretti
L-5720,2026-02-14,Casey,Ellery,casey.ellery@silverlineneo.example,"Director, Fraud Risk",head_of_fraud,Silverline Neo,ACC-1079,fintech_neobank,NA,2462,Website Chat,,fraud,False,chat_engaged@2026-02-18|chat_engaged@2026-02-28,Recycled,2026-02-15,2026-02-16,30,2026-02-19,,,,SDR - Eli Novak
L-5721,2026-04-22,Cameron,Calloway,cameron.calloway@tidewaterpayments.example,"Director, Fraud Data Science",risk_data_science,Tidewater Payments,ACC-1373,payments_issuing,APAC,2461,Outbound - Clay Enrichment,,fraud,False,sardinecon_attended@2026-04-27|content_download@2026-04-28,Disqualified,2026-04-25,2026-04-26,30,,,,Duplicate,SDR - Dana Lopes
L-5722,2026-08-09,Morgan,Pruitt,morgan.pruitt@riverbendagency.example,"Director, Information Security",ciso_security,Riverbend Agency,ACC-1068,public_sector,NA,46958,Event,,fraud,True,email_reply_positive@2026-08-27|competitor_renewal_window@2026-08-14|demo_request@2026-08-14|webinar_attended@2026-08-22,Working,2026-08-10,2026-08-10,4,,,,,SDR - Bri Okafor
L-5723,2026-08-06,Kendall,Lowry,kendall.lowry@bluemesadigitalassets.example,"Director, Financial Crimes Compliance",bsa_aml_officer,Blue Mesa Digital Assets,ACC-1369,crypto,EMEA,2052,Website Chat,,compliance,True,chat_engaged@2026-08-17|competitor_renewal_window@2026-08-16,Recycled,2026-08-08,2026-08-10,50,2026-08-18,,,,SDR - Eli Novak
L-5724,2026-01-25,Skyler,Alder,skyler.alder@oakmontfinancialgroup.example,"Lead Data Scientist, Risk",risk_data_science,Oakmont Financial Group,ACC-1100,tier1_bank,EMEA,113989,Outbound - Clay Enrichment,,compliance,False,fraud_team_hiring@2026-02-11|webinar_attended@2026-02-11|email_reply_positive@2026-02-08|demo_request@2026-02-03,Recycled,2026-01-28,2026-01-29,30,,,,,SDR - Bri Okafor
L-5725,2026-06-07,Sage,Hollis,sage.hollis@lakeshorepayments.example,"Lead Data Scientist, Risk",risk_data_science,Lakeshore Payments,ACC-1230,payments_issuing,NA,3833,Website Chat,,fraud,True,chat_engaged@2026-06-25|webinar_attended@2026-06-19|webinar_attended@2026-06-07,Recycled,2026-06-07,2026-06-07,20,2026-06-10,,,,SDR - Dana Lopes
L-5726,2026-01-31,Blake,Kestrel,blake.kestrel@falconcommerce.example,Fraud Operations Manager,fraud_ops_manager,Falcon Commerce,ACC-1008,marketplace_commerce,NA,11643,Outbound - Clay Enrichment,,fraud,True,unify_website_visit@2026-02-17|champion_job_change@2026-02-17|webinar_attended@2026-02-03|unify_website_visit@2026-02-12,Recycled,2026-02-03,2026-02-03,2,,,,,SDR - Alex Rivera
L-5727,2026-05-17,Hayden,Garrow,hayden.garrow@unionsquareagency.example,Vendor Risk Manager,blocker_procurement,Union Square Agency,ACC-1066,other,LATAM,17,Webinar,,fraud,False,champion_job_change@2026-05-25|content_download@2026-05-22,Disqualified,,,,,,,Competitor,Marketing Queue
L-5728,2026-03-08,Sage,Rourke,sage.rourke@evergreenbanktrust.example,"SVP, Enterprise Risk",chief_risk_officer,Evergreen Bank & Trust,ACC-1039,sponsor_bank_baas,NA,1240,Website Chat,,fraud,False,chat_engaged@2026-03-16|pricing_page_visit@2026-03-11|email_reply_positive@2026-03-22|sardinecon_attended@2026-03-11,Recycled,2026-03-10,2026-03-10,2,2026-03-18,,,,SDR - Fran Moretti
L-5729,2026-02-06,Quinn,Quill,quinn.quill@sterlingcommerce.example,"VP, Fraud Strategy",head_of_fraud,Sterling Commerce,ACC-1009,marketplace_commerce,MENA,14113,Webinar,,fraud,False,,Disqualified,,,,,,,Competitor,Marketing Queue
L-5730,2026-08-14,Parker,Sutter,parker.sutter@riverbendcloud.example,"Head of Product, Onboarding",head_of_payments_product,Riverbend Cloud,ACC-1436,b2b_saas_payroll,NA,9438,Demo Request,,fraud,False,demo_request@2026-08-26|unify_website_visit@2026-08-19|unify_website_visit@2026-09-02,Recycled,,,,,,,,Marketing Queue
L-5731,2026-07-22,Taylor,Alder,,AML Investigations Lead,fraud_ops_manager,Pinecrest Credit Union,ACC-1285,regional_bank_cu,NA,2493,Event,,fraud,True,unify_website_visit@2026-07-23|demo_request@2026-08-05,Recycled,,,,,,,,Marketing Queue
L-5732,2026-02-17,Parker,Pruitt,parker.pruitt@keystonecollective.example,Consultant,unknown,Keystone Collective,ACC-1441,other,NA,477,Webinar,,fraud,False,fraud_team_hiring@2026-03-05|new_product_launch@2026-02-20|fraud_team_hiring@2026-02-21,Disqualified,,,,,,,Competitor,Marketing Queue
L-5733,2026-06-04,Rowan,Ellery,rowan.ellery@mapleleafcloud.example,"Head of Product, Onboarding",head_of_payments_product,Maple Leaf Cloud,ACC-1274,b2b_saas_payroll,NA,4920,Website Chat,,fraud,False,chat_engaged@2026-06-13|champion_job_change@2026-06-08|competitor_renewal_window@2026-06-12,Disqualified,,,,,,,No Use Case,Marketing Queue
L-5734,2026-08-01,Quinn,Calloway,quinn.calloway@redwoodissuing.example,Head of Risk Analytics,risk_data_science,Redwood Issuing,ACC-1378,payments_issuing,NA,7725,Website Chat,,compliance,True,chat_engaged@2026-08-11,Disqualified,2026-08-01,2026-08-01,6,,,,Not ICP,SDR - Eli Novak
L-5735,2026-05-03,Blake,Calloway,blake.calloway@harborviewexchange.example,BSA/AML Officer,bsa_aml_officer,Harborview Exchange,ACC-1409,crypto,NA,1175,Website Chat,,fraud,False,chat_engaged@2026-05-20,Disqualified,,,,,,,Not ICP,Marketing Queue
L-5736,2026-02-21,Morgan,Dunmore,morgan.dunmore@highlandcard.example,AML Investigations Lead,fraud_ops_manager,Highland Card,ACC-1159,fintech_neobank,NA,3992,Event,,compliance,False,demo_request@2026-02-25,Recycled,,,,,,,,Marketing Queue
L-5737,2026-05-20,Quinn,Fairbanks,quinn.fairbanks@copperstatebanktrust.example,"Director, Financial Crimes Compliance",bsa_aml_officer,Copper State Bank & Trust,ACC-1277,sponsor_bank_baas,NA,1085,Webinar,,compliance,False,new_product_launch@2026-05-27|chat_engaged@2026-05-30,Converted,2026-05-20,2026-05-21,30,2026-06-03,2026-06-08,OPP-7072,,SDR - Eli Novak
L-5738,2026-01-07,Jamie,Brooks,jamie.brooks@lakeshoreexchange.example,Head of Fraud,head_of_fraud,Lakeshore Exchange,ACC-1122,crypto,NA,1714,Partner Referral,Sponsor bank referral,fraud,False,competitor_renewal_window@2026-01-13|regulatory_action@2026-01-24,Converted,2026-01-09,2026-01-09,8,2026-01-20,2026-01-24,OPP-7073,,SDR - Eli Novak
L-5739,2026-08-08,Logan,Garrow,logan.garrow@lakeshorecollective.example,Student,unknown,Lakeshore Collective,ACC-1438,other,EMEA,430,Paid Social,,fraud,False,regulatory_action@2026-08-08|chat_engaged@2026-08-20,Disqualified,,,,,,,Bad Data,Marketing Queue
L-5740,2026-05-03,Casey,Garrow,casey.garrow@arbornationalbank.example,BSA/AML Officer,bsa_aml_officer,Arbor National Bank,ACC-1067,sponsor_bank_baas,,1786,Content Download,,compliance,False,competitor_renewal_window@2026-05-05|champion_job_change@2026-05-15,Disqualified,,,,,,,Competitor,Marketing Queue
L-5741,2026-08-21,Riley,Lowry,riley.lowry@bluemesacloud.example,"Director, Fraud Risk",head_of_fraud,Blue Mesa Cloud,ACC-1174,b2b_saas_payroll,NA,5106,Webinar,,fraud,False,,Disqualified,,,,,,,No Use Case,Marketing Queue
L-5742,2026-07-23,Jamie,Pruitt,jamie.pruitt@stonebridgecard.example,"Head of Product, Onboarding",head_of_payments_product,Stonebridge Card,ACC-1074,fintech_neobank,NA,4927,Event,,compliance,True,,Recycled,2026-07-26,2026-07-27,30,2026-08-10,,,,SDR - Eli Novak
L-5743,2026-08-04,Parker,Quill,parker.quill@keystonecloud.example,"VP, Fraud Strategy",head_of_fraud,Keystone Cloud,ACC-1148,b2b_saas_payroll,APAC,3173,Demo Request,,fraud,False,demo_request@2026-08-13|webinar_attended@2026-08-09|content_download@2026-08-04,Converted,2026-08-05,2026-08-06,30,2026-08-21,2026-08-24,OPP-7074,,SDR - Bri Okafor
L-5744,2026-08-17,Jamie,Pruitt,jamie.pruitt@silverlinecustody.example,Chief Compliance Officer,bsa_aml_officer,Silverline Custody,ACC-1245,crypto,NA,283,Webinar,,compliance,True,,Converted,2026-08-19,2026-08-21,50,2026-08-24,2026-08-29,OPP-7075,,SDR - Fran Moretti
L-5745,2026-02-06,Jamie,Rourke,jamie.rourke@sterlingmoney.example,"Director, Fraud Risk",head_of_fraud,Sterling Money,ACC-1206,fintech_neobank,EMEA,4922,Demo Request,,compliance,True,demo_request@2026-02-14,Disqualified,2026-02-06,2026-02-06,3,,,,Duplicate,SDR - Dana Lopes
L-5746,2026-01-05,Riley,Jessup,riley.jessup@evergreenwallet.example,"Director, Financial Crimes Compliance",bsa_aml_officer,Evergreen Wallet,ACC-1290,fintech_neobank,EMEA,1405,Outbound - Clay Enrichment,,fraud,False,,Disqualified,,,,,,,Competitor,Marketing Queue
L-5747,2026-02-23,Skyler,Brooks,skyler.brooks@clearwaterprocessing.example,"Lead Data Scientist, Risk",risk_data_science,Clearwater Processing,ACC-1289,payments_issuing,NA,10725,Outbound - Unify Signals,,compliance,True,unify_website_visit@2026-03-02,Recycled,,,,,,,,Marketing Queue
L-5748,2026-02-26,Emerson,Nash,emerson.nash@falconcommerce.example,Head of Fraud,head_of_fraud,Falcon Commerce,ACC-1008,marketplace_commerce,NA,11643,Webinar,,fraud,True,demo_request@2026-03-04,Converted,2026-03-01,2026-03-01,3,2026-03-06,2026-03-06,OPP-7076,,SDR - Eli Novak
L-5749,2026-05-28,Drew,Thorne,drew.thorne@oakmontpay.example,"VP, Fraud Strategy",head_of_fraud,Oakmont Pay,ACC-1209,fintech_neobank,,469,Outbound - Clay Enrichment,,compliance,True,chat_engaged@2026-06-07|unify_website_visit@2026-06-16|chat_engaged@2026-05-30,Recycled,2026-05-30,2026-06-01,50,2026-06-15,,,,SDR - Gabi Souza
L-5750,2026-06-23,Logan,Ingram,loganingram@gmail.example,Senior Fraud Analyst,fraud_ops_manager,Harborview Savings Bank,ACC-1110,regional_bank_cu,NA,4866,Demo Request,,fraud,False,demo_request@2026-06-30,Recycled,,,,,,,,Marketing Queue
L-5751,2026-05-25,Quinn,Hollis,quinn.hollis@copperstatecommerce.example,Head of Fraud,head_of_fraud,Copper State Commerce,ACC-1049,marketplace_commerce,APAC,3446,Content Download,,fraud,False,,Converted,2026-05-26,2026-05-26,4,2026-06-04,2026-06-07,OPP-7077,,SDR - Alex Rivera
L-5752,2026-04-19,Casey,Calloway,casey.calloway@pinecrestbooks.example,CISO,ciso_security,Pinecrest Books,ACC-1060,b2b_saas_payroll,NA,7439,Event,,fraud,False,email_reply_positive@2026-04-28|champion_job_change@2026-05-02,Recycled,2026-04-20,2026-04-20,8,2026-04-24,,,,SDR - Alex Rivera
L-5753,2026-04-23,Jamie,Fairbanks,jamie.fairbanks@riverbendprocessing.example,"Director, Card Products",head_of_payments_product,Riverbend Processing,ACC-1391,payments_issuing,NA,2790,Demo Request,,fraud,False,demo_request@2026-05-06,Recycled,,,,,,,,Marketing Queue
L-5754,2026-04-25,Drew,Kestrel,drew.kestrel@redwoodauthority.example,Third-Party Risk Lead,blocker_procurement,Redwood Authority,ACC-1338,public_sector,NA,5081,Outbound - Clay Enrichment,,fraud,False,fraud_team_hiring@2026-05-09,Disqualified,,,,,,,Not ICP,Marketing Queue
L-5755,2026-02-20,Riley,Rourke,riley.rourke@granitepeakbaas.example,Fraud Operations Manager,fraud_ops_manager,Granite Peak BaaS,ACC-1192,sponsor_bank_baas,EMEA,1727,Demo Request,,compliance,False,demo_request@2026-02-21|unify_website_visit@2026-03-09,Recycled,2026-02-21,2026-02-23,50,,,,,SDR - Eli Novak
L-5756,2026-02-11,Sage,Rourke,sage.rourke@clearwatercloud.example,CISO,ciso_security,Clearwater Cloud,ACC-1439,b2b_saas_payroll,EMEA,2480,Content Download,,fraud,False,chat_engaged@2026-02-21,Disqualified,,,,,,,Not ICP,Marketing Queue
L-5757,2026-02-19,Blake,Calloway,blake.calloway@harborviewmoney.example,VP Payments,head_of_payments_product,Harborview Money,ACC-1071,fintech_neobank,,2322,Partner Referral,Modulr,compliance,False,chat_engaged@2026-03-04|competitor_renewal_window@2026-03-11,Disqualified,,,,,,,No Use Case,Marketing Queue
L-5758,2026-01-17,Logan,Calloway,logan.calloway@stonebridgemoney.example,"VP, Fraud Strategy",head_of_fraud,Stonebridge Money,ACC-1399,fintech_neobank,EMEA,172,Website Chat,,compliance,True,chat_engaged@2026-02-06,Recycled,2026-01-19,2026-01-19,1,,,,,SDR - Chen Wu
L-5759,2026-09-20,Casey,Thorne,casey.thorne@stonebridgefederalcu.example,BSA/AML Officer,bsa_aml_officer,Stonebridge Federal CU,ACC-1194,regional_bank_cu,NA,3193,Paid Social,,fraud,True,webinar_attended@2026-09-25|chat_engaged@2026-10-01,SQL,2026-09-20,2026-09-20,3,2026-10-04,,,,SDR - Chen Wu
L-5760,2026-01-25,Jordan,Alder,jordan.alder@stonebridgefederalcu.example,Senior Fraud Analyst,fraud_ops_manager,Stonebridge Federal CU,ACC-1194,regional_bank_cu,NA,3193,Partner Referral,SI partner,fraud,True,demo_request@2026-02-13,Converted,2026-01-27,2026-01-27,2,2026-02-06,2026-02-07,OPP-7078,,SDR - Alex Rivera
L-5761,2026-03-22,Jordan,Lowry,jordan.lowry@oakmontdigitalassets.example,"VP, Fraud Strategy",head_of_fraud,Oakmont Digital Assets,ACC-1120,crypto,NA,1503,Paid Social,,fraud,False,sardinecon_attended@2026-04-02,Recycled,,,,,,,,Marketing Queue
L-5762,2026-04-21,Emerson,Thorne,emerson.thorne@clearwaterstudio.example,Marketing Coordinator,unknown,Clearwater Studio,ACC-1027,other,NA,128,Content Download,,fraud,False,fraud_team_hiring@2026-05-08,Disqualified,,,,,,,Competitor,Marketing Queue
L-5763,2026-01-29,Drew,Ingram,drew.ingram@lakeshoreprocessing.example,Head of Risk Analytics,risk_data_science,Lakeshore Processing,ACC-1031,payments_issuing,EMEA,13274,Demo Request,,fraud,False,demo_request@2026-02-14|chat_engaged@2026-02-15|new_product_launch@2026-01-29,Recycled,2026-01-30,2026-02-01,50,2026-02-14,,,,SDR - Dana Lopes
L-5764,2026-03-25,Reese,Fairbanks,reese.fairbanks@westfieldpay.example,"Director, Card Products",head_of_payments_product,Westfield Pay,ACC-1137,fintech_neobank,NA,852,Demo Request,,fraud,False,demo_request@2026-04-13,Recycled,2026-03-26,2026-03-26,1,2026-04-03,,,,SDR - Fran Moretti
L-5765,2026-04-24,Morgan,Orwell,morgan.orwell@westfieldtickets.example,VP Payments,head_of_payments_product,Westfield Tickets,ACC-1432,marketplace_commerce,NA,2319,Demo Request,,fraud,False,demo_request@2026-05-02,Converted,2026-04-27,2026-04-27,3,2026-05-11,2026-05-13,OPP-7079,,SDR - Bri Okafor
L-5766,2026-07-12,Taylor,Alder,taylor.alder@sterlingmoney.example,"Director, Card Products",head_of_payments_product,Sterling Money,ACC-1206,fintech_neobank,EMEA,4922,Event,,fraud,True,pricing_page_visit@2026-07-21,Recycled,2026-07-14,2026-07-14,6,,,,,SDR - Alex Rivera
L-5767,2026-09-18,Jordan,Kestrel,jordan.kestrel@cedarvalleybooks.example,"VP, Fraud Strategy",head_of_fraud,Cedar Valley Books,ACC-1188,b2b_saas_payroll,NA,7007,Partner Referral,Modulr,fraud,False,webinar_attended@2026-09-28|competitor_renewal_window@2026-09-22|regulatory_action@2026-10-01,SQL,2026-09-20,2026-09-20,4,2026-09-25,,,,SDR - Bri Okafor
L-5768,2026-06-15,Riley,Calloway,riley.calloway@unionsquaretickets.example,Senior Fraud Analyst,fraud_ops_manager,Union Square Tickets,ACC-1424,marketplace_commerce,EMEA,1444,Demo Request,,fraud,False,demo_request@2026-06-19,Disqualified,,,,,,,Not ICP,Marketing Queue
L-5769,2026-02-20,Skyler,Hollis,skyler.hollis@arborpredict.example,"VP, Fraud Strategy",head_of_fraud,Arbor Predict,ACC-1101,gaming_prediction,MENA,1143,Content Download,,fraud,True,pricing_page_visit@2026-03-04,Disqualified,2026-02-20,2026-02-20,2,,,,Duplicate,SDR - Alex Rivera
L-5770,2026-09-30,Avery,Alder,avery.alder@silverlinemarket.example,"Director, Card Products",head_of_payments_product,Silverline Market,ACC-1236,marketplace_commerce,NA,5421,Website Chat,,fraud,False,chat_engaged@2026-10-01,New,,,,,,,,Marketing Queue
L-5771,2026-05-10,Drew,Jessup,drew.jessup@westfieldprocessing.example,"VP, Fraud Strategy",head_of_fraud,Westfield Processing,ACC-1065,payments_issuing,APAC,7957,Outbound - Unify Signals,,fraud,False,champion_job_change@2026-05-25,Disqualified,,,,,,,Competitor,Marketing Queue
L-5772,2026-03-14,Riley,Quill,riley.quill@mapleleafmoney.example,Chief Compliance Officer,bsa_aml_officer,Maple Leaf Money,ACC-1312,fintech_neobank,NA,4796,Website Chat,,compliance,True,chat_engaged@2026-03-16,Converted,2026-03-15,2026-03-15,4,2026-03-24,2026-03-24,OPP-7080,,SDR - Bri Okafor
L-5773,2026-04-25,Emerson,Ingram,emerson.ingram@highlandnationalbank.example,"SVP, Enterprise Risk",chief_risk_officer,Highland National Bank,ACC-1087,sponsor_bank_baas,NA,1099,Partner Referral,Modulr,compliance,True,,Converted,2026-04-25,2026-04-25,6,2026-05-05,2026-05-10,OPP-7081,,SDR - Fran Moretti
L-5774,2026-05-06,Hayden,Alder,hayden.alder@riverbendfederalcu.example,"SVP, Enterprise Risk",chief_risk_officer,Riverbend Federal CU,ACC-1010,regional_bank_cu,NA,3138,Outbound - Clay Enrichment,,compliance,True,content_download@2026-05-19|email_reply_positive@2026-05-07|new_product_launch@2026-05-09|chat_engaged@2026-05-10,Converted,2026-05-07,2026-05-07,8,2026-05-23,2026-05-23,OPP-7082,,SDR - Alex Rivera
L-5775,2026-02-25,Hayden,Quill,hayden.quill@tidewaterwallet.example,"Director, Card Products",head_of_payments_product,Tidewater Wallet,ACC-1164,fintech_neobank,NA,2676,Webinar,,compliance,False,webinar_attended@2026-03-07|sardinecon_attended@2026-02-26,Disqualified,,,,,,,No Use Case,Marketing Queue
L-5776,2026-09-30,Jamie,Jessup,,"Director, Information Security",ciso_security,Clearwater Commerce,ACC-1073,marketplace_commerce,APAC,1989,Paid Social,,fraud,False,demo_request@2026-10-01,New,,,,,,,,Marketing Queue
L-5777,2026-06-29,Sage,Ellery,sage.ellery@stonebridgemoney.example,"Head of Product, Onboarding",head_of_payments_product,Stonebridge Money,ACC-1399,fintech_neobank,EMEA,172,Paid Social,,fraud,True,champion_job_change@2026-07-16,Recycled,,,,,,,,Marketing Queue
L-5778,2026-01-29,Emerson,Ingram,emerson.ingram@summitridgetickets.example,"VP, Fraud Strategy",head_of_fraud,Summit Ridge Tickets,ACC-1231,marketplace_commerce,NA,9919,Partner Referral,Sponsor bank referral,fraud,True,fraud_team_hiring@2026-01-31|email_reply_positive@2026-02-07|webinar_attended@2026-02-16|pricing_page_visit@2026-01-29,Disqualified,,,,,,,Competitor,Marketing Queue
L-5779,2026-07-16,Morgan,Quill,morgan.quill@cedarvalleyauthority.example,Vendor Risk Manager,blocker_procurement,Cedar Valley Authority,ACC-1392,public_sector,NA,48486,Paid Social,,fraud,False,champion_job_change@2026-08-04|email_reply_positive@2026-08-04|competitor_renewal_window@2026-07-30,Recycled,,,,,,,,Marketing Queue
L-5780,2026-02-26,Sage,Jessup,sage.jessup@oakmontcloud.example,VP Payments,head_of_payments_product,Oakmont Cloud,ACC-1075,b2b_saas_payroll,NA,8579,Paid Social,,fraud,True,,Disqualified,,,,,,,Not ICP,Marketing Queue
L-5781,2026-08-13,Blake,Pruitt,blake.pruitt@crescentpay.example,VP Payments,head_of_payments_product,Crescent Pay,ACC-1150,fintech_neobank,LATAM,2741,Outbound - Unify Signals,,fraud,True,demo_request@2026-08-26|fraud_team_hiring@2026-08-13,Disqualified,,,,,,,Not ICP,Marketing Queue
L-5782,2026-06-12,Kendall,Lowry,kendall.lowry@stonebridgestudio.example,Marketing Coordinator,unknown,Stonebridge Studio,ACC-1383,other,NA,400,Partner Referral,Modulr,fraud,False,unify_website_visit@2026-06-22,Disqualified,,,,,,,Bad Data,Marketing Queue
L-5783,2026-01-06,Blake,Ellery,blake.ellery@tidewatercommunitybank.example,"SVP, Enterprise Risk",chief_risk_officer,Tidewater Community Bank,ACC-1428,regional_bank_cu,NA,2807,Event,,compliance,False,champion_job_change@2026-01-09|pricing_page_visit@2026-01-24|fraud_team_hiring@2026-01-19|sardinecon_attended@2026-01-06,Disqualified,2026-01-08,2026-01-08,2,,,,No Use Case,SDR - Fran Moretti
L-5784,2026-01-12,Skyler,Sutter,skyler.sutter@summitridgeauthority.example,"SVP, Enterprise Risk",chief_risk_officer,Summit Ridge Authority,ACC-1037,public_sector,NA,43824,Partner Referral,SI partner,fraud,False,chat_engaged@2026-01-16|email_reply_positive@2026-01-18|email_reply_positive@2026-01-28,Converted,2026-01-13,2026-01-13,6,2026-01-17,2026-01-19,OPP-7083,,SDR - Fran Moretti
L-5785,2026-03-30,Hayden,Thorne,hayden.thorne@cedarvalleyissuing.example,"VP, Fraud Strategy",head_of_fraud,Cedar Valley Issuing,ACC-1020,payments_issuing,NA,15537,Outbound - Clay Enrichment,,compliance,False,demo_request@2026-03-30|champion_job_change@2026-04-15,Recycled,,,,,,,,Marketing Queue
L-5786,2026-02-12,Morgan,Marlow,morgan.marlow@lakeshorebancorp.example,"Director, Financial Crimes Compliance",bsa_aml_officer,Lakeshore Bancorp,ACC-1257,tier1_bank,APAC,135473,Demo Request,,fraud,True,demo_request@2026-02-22|demo_request@2026-02-13,Recycled,2026-02-12,2026-02-12,8,2026-02-20,,,,SDR - Bri Okafor
L-5787,2026-08-19,Drew,Ingram,drewingram@gmail.example,AML Investigations Lead,fraud_ops_manager,Maple Leaf Digital Assets,ACC-1446,crypto,NA,1652,Outbound - Unify Signals,,fraud,False,demo_request@2026-08-30|unify_website_visit@2026-09-08,Recycled,,,,,,,,Marketing Queue
L-5788,2026-08-03,Parker,Pruitt,parker.pruitt@harborviewmoney.example,AML Investigations Lead,fraud_ops_manager,Harborview Money,ACC-1071,fintech_neobank,NA,2322,Webinar,,compliance,False,sardinecon_attended@2026-08-03|new_product_launch@2026-08-05,Disqualified,,,,,,,Not ICP,Marketing Queue
L-5789,2026-09-30,Taylor,Garrow,taylor.garrow@crescentcard.example,AML Investigations Lead,fraud_ops_manager,Crescent Card,ACC-1011,fintech_neobank,EMEA,624,Partner Referral,Sponsor bank referral,compliance,False,,New,,,,,,,,Marketing Queue
L-5790,2026-04-02,Emerson,Rourke,emerson.rourke@bayfrontplay.example,AML Investigations Lead,fraud_ops_manager,Bayfront Play,ACC-1183,gaming_prediction,NA,1821,Content Download,,fraud,False,content_download@2026-04-05,Converted,2026-04-03,2026-04-03,2,2026-04-07,2026-04-07,OPP-7084,,SDR - Bri Okafor
L-5791,2026-06-16,Cameron,Marlow,cameron.marlow@westfieldfederalcu.example,Model Risk Manager,blocker_procurement,Westfield Federal CU,ACC-1422,regional_bank_cu,NA,2823,Webinar,,compliance,True,new_product_launch@2026-07-04,Recycled,,,,,,,,Marketing Queue
L-5792,2026-04-01,Rowan,Jessup,rowan.jessup@lakeshoredigitalassets.example,AML Investigations Lead,fraud_ops_manager,Lakeshore Digital Assets,ACC-1025,crypto,NA,711,Event,,compliance,False,,Recycled,,,,,,,,Marketing Queue
L-5793,2026-02-26,Emerson,Pruitt,emerson.pruitt@meridianneo.example,BSA/AML Officer,bsa_aml_officer,Meridian Neo,ACC-1104,fintech_neobank,NA,3493,Outbound - Unify Signals,,compliance,True,chat_engaged@2026-03-02,Recycled,2026-02-27,2026-02-27,2,,,,,SDR - Chen Wu
L-5794,2026-04-02,Hayden,Hollis,hayden.hollis@clearwateragency.example,Consultant,unknown,Clearwater Agency,ACC-1265,other,EMEA,75,Partner Referral,Sponsor bank referral,fraud,False,regulatory_action@2026-04-21|regulatory_action@2026-04-09,Recycled,,,,,,,,Marketing Queue
L-5795,2026-06-27,Blake,Nash,blake.nash@oakmontpay.example,"Director, Fraud Risk",head_of_fraud,Oakmont Pay,ACC-1209,fintech_neobank,NA,469,Content Download,,compliance,True,regulatory_action@2026-06-27|regulatory_action@2026-07-15,Disqualified,2026-06-27,2026-06-27,20,,,,Competitor,SDR - Gabi Souza
L-5796,2026-01-12,Quinn,Fairbanks,quinn.fairbanks@clearwaterpay.example,"Director, Card Products",head_of_payments_product,Clearwater Pay,ACC-1413,fintech_neobank,EMEA,299,Event,,compliance,True,content_download@2026-01-29|pricing_page_visit@2026-01-14,Converted,2026-01-15,2026-01-15,8,2026-01-22,2026-01-25,OPP-7085,,SDR - Chen Wu
L-5797,2026-03-22,Morgan,Sutter,morgan.sutter@northgateagency.example,Model Risk Manager,blocker_procurement,Northgate Agency,ACC-1207,public_sector,NA,36403,Demo Request,,fraud,False,demo_request@2026-03-27,Disqualified,,,,,,,Not ICP,Marketing Queue
L-5798,2026-05-22,Reese,Rourke,reese.rourke@redwoodconsulting.example,Vendor Risk Manager,blocker_procurement,Redwood Consulting,ACC-1395,other,EMEA,391,Content Download,,fraud,False,fraud_team_hiring@2026-06-08,Disqualified,,,,,,,Not ICP,Marketing Queue
L-5799,2026-05-02,Skyler,Thorne,skyler.thorne@summitridgeconsulting.example,Model Risk Manager,blocker_procurement,Summit Ridge Consulting,ACC-1309,other,NA,160,Partner Referral,SI partner,fraud,False,fraud_team_hiring@2026-05-10|new_product_launch@2026-05-11|champion_job_change@2026-05-06|webinar_attended@2026-05-21,Disqualified,,,,,,,Student/Job Seeker,Marketing Queue
L-5800,2026-08-27,Jamie,Rourke,jamie.rourke@bayfrontcloud.example,"Director, Information Security",ciso_security,Bayfront Cloud,ACC-1279,b2b_saas_payroll,NA,6538,Website Chat,,fraud,False,chat_engaged@2026-08-29|sardinecon_attended@2026-09-01,Working,2026-08-28,2026-08-28,1,,,,,SDR - Gabi Souza
L-5801,2026-08-29,Kendall,Sutter,kendall.sutter@evergreenbanktrust.example,BSA/AML Officer,bsa_aml_officer,Evergreen Bank & Trust,ACC-1039,sponsor_bank_baas,NA,1240,Outbound - Clay Enrichment,,compliance,False,regulatory_action@2026-09-10|new_product_launch@2026-09-02,Recycled,,,,,,,,Marketing Queue
L-5802,2026-06-16,Jamie,Lowry,jamie.lowry@cedarvalleycommerce.example,Head of Fraud,head_of_fraud,Cedar Valley Commerce,ACC-1252,marketplace_commerce,NA,11214,Partner Referral,Helix by Q2,fraud,False,pricing_page_visit@2026-07-06,Converted,2026-06-18,2026-06-18,20,2026-06-29,2026-07-02,OPP-7086,,SDR - Fran Moretti
L-5803,2026-05-28,Quinn,Quill,quinn.quill@unionsquareconsulting.example,Consultant,unknown,Union Square Consulting,ACC-1063,other,LATAM,112,Partner Referral,Modulr,fraud,False,sardinecon_attended@2026-06-08|webinar_attended@2026-06-05,Disqualified,,,,,,,Student/Job Seeker,Marketing Queue
L-5804,2026-03-14,Riley,Kestrel,riley.kestrel@northgatemoney.example,"Director, Card Products",head_of_payments_product,Northgate Money,ACC-1095,fintech_neobank,NA,1291,Partner Referral,Sponsor bank referral,fraud,False,unify_website_visit@2026-03-20|new_product_launch@2026-04-01,Converted,2026-03-16,2026-03-17,30,2026-03-24,2026-03-28,OPP-7087,,SDR - Bri Okafor
L-5805,2026-06-29,Sage,Dunmore,sage.dunmore@pinecrestmarket.example,"Director, Information Security",ciso_security,Pinecrest Market,ACC-1444,marketplace_commerce,NA,10668,Partner Referral,Sponsor bank referral,fraud,False,,Disqualified,,,,,,,No Use Case,Marketing Queue
L-5806,2026-06-20,Drew,Hollis,drewhollis@gmail.example,Head of Risk Analytics,risk_data_science,Oakmont Money,ACC-1435,fintech_neobank,MENA,2654,Website Chat,,compliance,True,chat_engaged@2026-07-05|email_reply_positive@2026-06-29,Disqualified,,,,,,,Competitor,Marketing Queue
L-5807,2026-09-09,Sage,Kestrel,sage.kestrel@pinecrestpay.example,"Director, Fraud Data Science",risk_data_science,Pinecrest Pay,ACC-1246,fintech_neobank,NA,4193,Webinar,,compliance,True,,Working,2026-09-11,2026-09-11,4,,,,,SDR - Dana Lopes
L-5808,2026-06-21,Quinn,Lowry,quinn.lowry@mapleleafgames.example,Chief Compliance Officer,bsa_aml_officer,Maple Leaf Games,ACC-1055,gaming_prediction,EMEA,1185,Content Download,,fraud,False,,Disqualified,,,,,,,Competitor,Marketing Queue
L-5809,2026-01-28,Jordan,Lowry,jordan.lowry@riverbendshop.example,Fraud Operations Manager,fraud_ops_manager,Riverbend Shop,ACC-1229,marketplace_commerce,EMEA,8057,Website Chat,,fraud,False,chat_engaged@2026-02-01|competitor_renewal_window@2026-02-17|email_reply_positive@2026-01-31|webinar_attended@2026-01-30,Recycled,2026-01-28,2026-01-30,50,,,,,SDR - Gabi Souza
L-5810,2026-05-24,Sage,Quill,sage.quill@pinecrestchain.example,Chief Compliance Officer,bsa_aml_officer,Pinecrest Chain,ACC-1244,crypto,EMEA,2472,Event,,fraud,True,,Disqualified,2026-05-25,2026-05-25,8,,,,Existing Open Opp,SDR - Gabi Souza
L-5811,2026-09-21,Reese,Fairbanks,reese.fairbanks@redwoodconsulting.example,Third-Party Risk Lead,blocker_procurement,Redwood Consulting,ACC-1395,other,EMEA,391,Outbound - Unify Signals,,fraud,False,regulatory_action@2026-10-01|regulatory_action@2026-09-29,Disqualified,,,,,,,Bad Data,Marketing Queue
L-5812,2026-08-09,Sage,Ellery,sage.ellery@copperstatebanktrust.example,Head of Fraud,head_of_fraud,Copper State Bank & Trust,ACC-1277,sponsor_bank_baas,NA,1085,Event,,compliance,False,sardinecon_attended@2026-08-28|webinar_attended@2026-08-14,Disqualified,,,,,,,No Use Case,Marketing Queue
L-5813,2026-01-25,Jamie,Sutter,jamie.sutter@falcondepartment.example,Chief Risk Officer,chief_risk_officer,Falcon Department,ACC-1069,public_sector,NA,15577,Website Chat,,fraud,False,chat_engaged@2026-02-05,Recycled,,,,,,,,Marketing Queue
L-5814,2026-06-16,Parker,Brooks,parker.brooks@harborviewexchange.example,"VP, Fraud Strategy",head_of_fraud,Harborview Exchange,ACC-1409,crypto,NA,1175,Demo Request,,fraud,False,demo_request@2026-06-26,Recycled,2026-06-17,2026-06-17,2,2026-06-23,,,,SDR - Dana Lopes
L-5815,2026-03-19,Hayden,Ellery,hayden.ellery@cedarvalleynationalbank.example,Fraud Operations Manager,fraud_ops_manager,Cedar Valley National Bank,ACC-1300,sponsor_bank_baas,NA,1923,Outbound - Clay Enrichment,,compliance,False,competitor_renewal_window@2026-03-26|content_download@2026-04-02|champion_job_change@2026-04-02|competitor_renewal_window@2026-03-28,Recycled,,,,,,,,Marketing Queue
L-5816,2026-04-03,Kendall,Ellery,kendall.ellery@prairiefirstpayments.example,VP Payments,head_of_payments_product,Prairie First Payments,ACC-1269,payments_issuing,NA,13191,Partner Referral,Helix by Q2,fraud,False,unify_website_visit@2026-04-05|pricing_page_visit@2026-04-09,Recycled,,,,,,,,Marketing Queue
L-5817,2026-08-05,Emerson,Lowry,emersonlowry@gmail.example,"SVP, Enterprise Risk",chief_risk_officer,Keystone Department,ACC-1266,public_sector,NA,37342,Paid Social,,fraud,False,unify_website_visit@2026-08-22,Recycled,,,,,,,,Marketing Queue
L-5818,2026-07-03,Blake,Ingram,blake.ingram@bluemesacollective.example,Office Manager,unknown,Blue Mesa Collective,ACC-1090,other,NA,242,Outbound - Clay Enrichment,,fraud,False,webinar_attended@2026-07-14,Recycled,,,,,,,,Marketing Queue
L-5819,2026-05-08,Emerson,Dunmore,emerson.dunmore@oakmontwallet.example,"Lead Data Scientist, Risk",risk_data_science,Oakmont Wallet,ACC-1195,fintech_neobank,NA,557,Demo Request,,fraud,False,demo_request@2026-05-13,Recycled,,,,,,,,Marketing Queue
L-5820,2026-04-10,Logan,Sutter,logan.sutter@bayfrontagency.example,Model Risk Manager,blocker_procurement,Bayfront Agency,ACC-1111,other,NA,358,Website Chat,,fraud,False,chat_engaged@2026-04-14,Disqualified,,,,,,,Not ICP,Marketing Queue
L-5821,2026-02-12,Jamie,Fairbanks,jamie.fairbanks@copperstatepay.example,"Director, Financial Crimes Compliance",bsa_aml_officer,Copper State Pay,ACC-1218,fintech_neobank,NA,2600,Paid Social,,compliance,False,new_product_launch@2026-02-16,Disqualified,,,,,,,Competitor,Marketing Queue
L-5822,2026-08-06,Parker,Hollis,parker.hollis@cedarvalleydigitalassets.example,"VP, Fraud Strategy",head_of_fraud,Cedar Valley Digital Assets,ACC-1157,crypto,MENA,3789,Demo Request,,compliance,True,demo_request@2026-08-20,Recycled,,,,,,,,Marketing Queue
L-5823,2026-03-05,Quinn,Orwell,quinn.orwell@prairiefirstcollective.example,Office Manager,unknown,Prairie First Collective,ACC-1295,other,EMEA,298,Webinar,,fraud,False,fraud_team_hiring@2026-03-23|regulatory_action@2026-03-05|pricing_page_visit@2026-03-23,Disqualified,,,,,,,Bad Data,Marketing Queue
L-5824,2026-04-24,Sage,Hollis,sage.hollis@lakeshoreagency.example,Consultant,unknown,Lakeshore Agency,ACC-1368,other,NA,442,Outbound - Clay Enrichment,,fraud,False,sardinecon_attended@2026-04-28|fraud_team_hiring@2026-05-11,Disqualified,,,,,,,Not ICP,Marketing Queue
L-5825,2026-02-01,Jordan,Ingram,jordan.ingram@cedarvalleypredict.example,Senior Fraud Analyst,fraud_ops_manager,Cedar Valley Predict,ACC-1203,gaming_prediction,EMEA,1272,Partner Referral,Modulr,fraud,False,,Disqualified,,,,,,,No Use Case,Marketing Queue
L-5826,2026-08-17,Cameron,Fairbanks,cameron.fairbanks@highlandcollective.example,Third-Party Risk Lead,blocker_procurement,Highland Collective,ACC-1442,other,NA,409,Event,,fraud,False,competitor_renewal_window@2026-08-28|champion_job_change@2026-09-02,Disqualified,,,,,,,Not ICP,Marketing Queue
L-5827,2026-07-22,Cameron,Fairbanks,cameron.fairbanks@mapleleafsavingsbank.example,"VP, Fraud Strategy",head_of_fraud,Maple Leaf Savings Bank,ACC-1154,regional_bank_cu,,4233,Demo Request,,compliance,False,demo_request@2026-08-09|sardinecon_attended@2026-07-25|regulatory_action@2026-07-24,Disqualified,2026-07-23,2026-07-23,3,,,,Bad Data,SDR - Bri Okafor
L-5828,2026-09-23,Taylor,Alder,taylor.alder@pinecrestchain.example,"VP, Fraud Strategy",head_of_fraud,Pinecrest Chain,ACC-1244,crypto,EMEA,2472,Content Download,,compliance,True,,Working,2026-09-26,2026-09-26,2,,,,,SDR - Alex Rivera
L-5829,2026-03-23,Hayden,Orwell,hayden.orwell@bayfrontfederalcu.example,"Director, Fraud Risk",head_of_fraud,Bayfront Federal CU,ACC-1324,regional_bank_cu,NA,2122,Demo Request,,compliance,True,demo_request@2026-04-06,Converted,2026-03-23,2026-03-23,2,2026-03-31,2026-04-01,OPP-7088,,SDR - Fran Moretti
L-5830,2026-03-15,Kendall,Garrow,kendall.garrow@arborissuing.example,Chief Risk Officer,chief_risk_officer,Arbor Issuing,ACC-1016,payments_issuing,NA,4775,Event,,fraud,True,new_product_launch@2026-03-29|unify_website_visit@2026-03-21,Converted,2026-03-16,2026-03-18,50,2026-03-22,2026-03-27,OPP-7089,,SDR - Bri Okafor
L-5831,2026-04-05,Rowan,Quill,rowan.quill@riverbendprocessing.example,"Lead Data Scientist, Risk",risk_data_science,Riverbend Processing,ACC-1391,payments_issuing,NA,2790,Demo Request,,compliance,False,demo_request@2026-04-22,Recycled,,,,,,,,Marketing Queue
L-5832,2026-03-11,Morgan,Alder,morgan.alder@cedarvalleymoney.example,Fraud Operations Manager,fraud_ops_manager,Cedar Valley Money,ACC-1146,fintech_neobank,MENA,4752,Website Chat,,fraud,False,chat_engaged@2026-03-17|competitor_renewal_window@2026-03-22|sardinecon_attended@2026-03-23,Recycled,2026-03-14,2026-03-14,1,,,,,SDR - Bri Okafor
L-5833,2026-08-10,Rowan,Jessup,rowan.jessup@riverbendwallet.example,"Head of Product, Onboarding",head_of_payments_product,Riverbend Wallet,ACC-1141,fintech_neobank,EMEA,1660,Event,,compliance,True,new_product_launch@2026-08-21,Recycled,2026-08-10,2026-08-10,3,2026-08-19,,,,SDR - Eli Novak
L-5834,2026-05-03,Kendall,Brooks,kendall.brooks@pinecrestcommerce.example,"Head of Product, Onboarding",head_of_payments_product,Pinecrest Commerce,ACC-1082,marketplace_commerce,NA,7344,Partner Referral,SI partner,fraud,False,pricing_page_visit@2026-05-22,Recycled,2026-05-06,2026-05-06,1,,,,,SDR - Eli Novak
L-5835,2026-06-29,Avery,Hollis,avery.hollis@oakmontchain.example,"Director, Financial Crimes Compliance",bsa_aml_officer,Oakmont Chain,ACC-1332,crypto,NA,2575,Event,,compliance,False,pricing_page_visit@2026-07-19,Disqualified,2026-06-29,2026-06-29,1,,,,Existing Open Opp,SDR - Dana Lopes
L-5836,2026-06-11,Cameron,Jessup,cameron.jessup@cedarvalleybooks.example,VP Payments,head_of_payments_product,Cedar Valley Books,ACC-1188,b2b_saas_payroll,,7007,Demo Request,,fraud,False,demo_request@2026-06-22,Converted,2026-06-14,2026-06-14,2,2026-06-28,2026-07-01,OPP-7090,,SDR - Eli Novak
L-5837,2026-09-25,Blake,Hollis,blake.hollis@ironwoodstudio.example,Marketing Coordinator,unknown,Ironwood Studio,ACC-1030,other,NA,315,Demo Request,,fraud,False,demo_request@2026-10-01,Working,2026-09-26,2026-09-26,20,,,,,SDR - Gabi Souza
L-5838,2026-08-22,Skyler,Brooks,skyler.brooks@clearwaterpayments.example,"Director, Fraud Data Science",risk_data_science,Clearwater Payments,ACC-1372,payments_issuing,EMEA,19150,Demo Request,,compliance,True,demo_request@2026-08-25,Converted,2026-08-22,2026-08-22,4,2026-09-04,2026-09-04,OPP-7091,,SDR - Chen Wu
L-5839,2026-09-13,Rowan,Fairbanks,rowan.fairbanks@pinecrestplay.example,"Director, Financial Crimes Compliance",bsa_aml_officer,Pinecrest Play,ACC-1271,gaming_prediction,EMEA,331,Paid Social,,fraud,True,,Working,2026-09-16,2026-09-16,3,,,,,SDR - Chen Wu
L-5840,2026-08-12,Blake,Alder,blake.alder@cedarvalleymarket.example,"Head of Product, Onboarding",head_of_payments_product,Cedar Valley Market,ACC-1228,marketplace_commerce,NA,12460,Paid Social,,fraud,False,unify_website_visit@2026-08-15,Disqualified,,,,,,,Competitor,Marketing Queue
L-5841,2026-07-25,Casey,Pruitt,caseypruitt@gmail.example,Fraud Operations Manager,fraud_ops_manager,Summit Ridge Savings Bank,ACC-1130,regional_bank_cu,,1184,Outbound - Unify Signals,,fraud,False,chat_engaged@2026-08-05|fraud_team_hiring@2026-07-27|new_product_launch@2026-08-01,Recycled,2026-07-28,2026-07-28,2,2026-08-04,,,,SDR - Gabi Souza
L-5842,2026-08-21,Drew,Sutter,drew.sutter@copperstatesavingsbank.example,BSA/AML Officer,bsa_aml_officer,Copper State Savings Bank,ACC-1059,regional_bank_cu,NA,511,Outbound - Clay Enrichment,,compliance,True,chat_engaged@2026-08-29|demo_request@2026-08-21,SQL,2026-08-23,2026-08-23,1,2026-09-04,,,,SDR - Alex Rivera
L-5843,2026-09-18,Sage,Pruitt,sage.pruitt@summitridgesavingsbank.example,Vendor Risk Manager,blocker_procurement,Summit Ridge Savings Bank,ACC-1130,regional_bank_cu,NA,1184,Website Chat,,compliance,False,chat_engaged@2026-10-01|fraud_team_hiring@2026-10-01|content_download@2026-10-01,New,,,,,,,,Marketing Queue
L-5844,2026-07-19,Rowan,Dunmore,rowan.dunmore@granitepeakagency.example,Student,unknown,Granite Peak Agency,ACC-1416,other,LATAM,359,Partner Referral,Sponsor bank referral,fraud,False,,Recycled,,,,,,,,Marketing Queue
L-5845,2026-08-16,Logan,Thorne,logan.thorne@tidewaternationalbank.example,"Director, Fraud Risk",head_of_fraud,Tidewater National Bank,ACC-1390,sponsor_bank_baas,,2382,Webinar,,compliance,False,competitor_renewal_window@2026-09-01,Recycled,,,,,,,,Marketing Queue
L-5846,2026-03-30,Sage,Orwell,sage.orwell@mapleleafbooks.example,"Director, Card Products",head_of_payments_product,Maple Leaf Books,ACC-1421,b2b_saas_payroll,NA,7361,Outbound - Unify Signals,,fraud,False,champion_job_change@2026-04-03|demo_request@2026-04-05|regulatory_action@2026-03-31,Recycled,2026-03-30,2026-03-30,20,2026-04-03,,,,SDR - Gabi Souza
L-5847,2026-05-17,Logan,Quill,logan.quill@redwoodauthority.example,Vendor Risk Manager,blocker_procurement,Redwood Authority,ACC-1338,public_sector,NA,5081,Demo Request,,fraud,False,demo_request@2026-05-19|unify_website_visit@2026-05-28|champion_job_change@2026-06-05,Recycled,,,,,,,,Marketing Queue
L-5848,2026-01-16,Reese,Rourke,reese.rourke@keystonenationalbank.example,Fraud Operations Manager,fraud_ops_manager,Keystone National Bank,ACC-1042,sponsor_bank_baas,NA,1742,Partner Referral,Sponsor bank referral,fraud,False,new_product_launch@2026-01-16|chat_engaged@2026-02-02|content_download@2026-01-24,Disqualified,,,,,,,Competitor,Marketing Queue
L-5849,2026-09-21,Quinn,Brooks,quinn.brooks@prairiefirsttickets.example,VP Payments,head_of_payments_product,Prairie First Tickets,ACC-1292,marketplace_commerce,MENA,2439,Event,,fraud,False,demo_request@2026-10-01,Working,2026-09-24,2026-09-24,8,,,,,SDR - Gabi Souza
L-5850,2026-02-17,Quinn,Quill,quinn.quill@tidewaterfederalcu.example,Senior Fraud Analyst,fraud_ops_manager,Tidewater Federal CU,ACC-1096,regional_bank_cu,NA,3556,Paid Social,,fraud,True,chat_engaged@2026-03-09|champion_job_change@2026-02-19,Recycled,,,,,,,,Marketing Queue
L-5851,2026-07-24,Cameron,Hollis,cameron.hollis@arborfinancialgroup.example,Head of Risk Analytics,risk_data_science,Arbor Financial Group,ACC-1077,tier1_bank,EMEA,183801,Outbound - Clay Enrichment,,compliance,True,demo_request@2026-08-01|demo_request@2026-08-11,Recycled,,,,,,,,Marketing Queue
L-5852,2026-05-12,Blake,Hollis,blake.hollis@falconwallet.example,"Lead Data Scientist, Risk",risk_data_science,Falcon Wallet,ACC-1253,fintech_neobank,LATAM,2770,Webinar,,compliance,True,champion_job_change@2026-05-29,Recycled,,,,,,,,Marketing Queue
L-5853,2026-07-27,Hayden,Jessup,hayden.jessup@prairiefirstbooks.example,"Director, Information Security",ciso_security,Prairie First Books,ACC-1343,b2b_saas_payroll,NA,9595,Webinar,,fraud,False,demo_request@2026-08-15,Disqualified,,,,,,,Competitor,Marketing Queue
L-5854,2026-03-23,Skyler,Dunmore,skyler.dunmore@summitridgetickets.example,Senior Fraud Analyst,fraud_ops_manager,Summit Ridge Tickets,ACC-1231,marketplace_commerce,NA,9919,Demo Request,,fraud,True,demo_request@2026-04-09,Recycled,,,,,,,,Marketing Queue
L-5855,2026-03-10,Drew,Rourke,drew.rourke@crescentbanktrust.example,"Director, Fraud Risk",head_of_fraud,Crescent Bank & Trust,ACC-1208,sponsor_bank_baas,NA,1567,Website Chat,,compliance,False,chat_engaged@2026-03-17,Disqualified,2026-03-13,2026-03-13,3,,,,Existing Open Opp,SDR - Dana Lopes
L-5856,2026-02-08,Morgan,Calloway,morgan.calloway@northgatedigitalassets.example,Senior Fraud Analyst,fraud_ops_manager,Northgate Digital Assets,ACC-1308,crypto,EMEA,578,Outbound - Unify Signals,,compliance,True,,Disqualified,,,,,,,Competitor,Marketing Queue
L-5857,2026-03-29,Hayden,Alder,hayden.alder@arboragency.example,Model Risk Manager,blocker_procurement,Arbor Agency,ACC-1386,other,EMEA,223,Content Download,,fraud,False,chat_engaged@2026-04-05|unify_website_visit@2026-04-13,Disqualified,,,,,,,Student/Job Seeker,Marketing Queue
L-5858,2026-06-24,Drew,Dunmore,drew.dunmore@stonebridgeagency.example,Consultant,unknown,Stonebridge Agency,ACC-1048,other,NA,25,Website Chat,,fraud,False,chat_engaged@2026-07-02|email_reply_positive@2026-07-03|regulatory_action@2026-06-28,Disqualified,,,,,,,Not ICP,Marketing Queue
L-5859,2026-08-06,Casey,Ingram,casey.ingram@summitridgehr.example,CISO,ciso_security,Summit Ridge HR,ACC-1014,b2b_saas_payroll,LATAM,5368,Outbound - Unify Signals,,fraud,False,regulatory_action@2026-08-21|competitor_renewal_window@2026-08-08|email_reply_positive@2026-08-22,Working,2026-08-06,2026-08-08,50,,,,,SDR - Gabi Souza
L-5860,2026-03-20,Hayden,Quill,hayden.quill@clearwaterwallet.example,AML Investigations Lead,fraud_ops_manager,Clearwater Wallet,ACC-1205,fintech_neobank,NA,1809,Demo Request,,compliance,False,demo_request@2026-03-28,Disqualified,,,,,,,No Use Case,Marketing Queue
L-5861,2026-05-12,Rowan,Sutter,rowan.sutter@bayfrontcloud.example,"Director, Card Products",head_of_payments_product,Bayfront Cloud,ACC-1279,b2b_saas_payroll,NA,6538,Outbound - Unify Signals,,fraud,False,new_product_launch@2026-05-26|webinar_attended@2026-05-28,Recycled,2026-05-14,2026-05-14,6,,,,,SDR - Bri Okafor
L-5862,2026-04-07,Jordan,Lowry,jordan.lowry@bluemesadigitalassets.example,Senior Fraud Analyst,fraud_ops_manager,Blue Mesa Digital Assets,ACC-1369,crypto,EMEA,2052,Website Chat,,fraud,True,chat_engaged@2026-04-22|sardinecon_attended@2026-04-14|competitor_renewal_window@2026-04-19,Recycled,,,,,,,,Marketing Queue
L-5863,2026-07-26,Casey,Dunmore,casey.dunmore@copperstatechain.example,Fraud Operations Manager,fraud_ops_manager,Copper State Chain,ACC-1385,crypto,,2330,Content Download,,fraud,False,unify_website_visit@2026-08-08,Recycled,,,,,,,,Marketing Queue
L-5864,2026-06-08,Quinn,Brooks,quinn.brooks@granitepeaksports.example,Senior Fraud Analyst,fraud_ops_manager,Granite Peak Sports,ACC-1304,gaming_prediction,NA,1184,Webinar,,fraud,False,fraud_team_hiring@2026-06-16,Disqualified,,,,,,,Competitor,Marketing Queue
L-5865,2026-09-16,Hayden,Ingram,hayden.ingram@silverlinecard.example,Fraud Operations Manager,fraud_ops_manager,Silverline Card,ACC-1222,fintech_neobank,NA,4196,Outbound - Unify Signals,,fraud,True,,Working,2026-09-18,2026-09-19,30,,,,,SDR - Eli Novak
L-5866,2026-06-17,Sage,Thorne,sagethorne@gmail.example,"Director, Fraud Data Science",risk_data_science,Lakeshore Payments,ACC-1230,payments_issuing,NA,3833,Content Download,,fraud,True,,Recycled,2026-06-20,2026-06-20,20,,,,,SDR - Fran Moretti
L-5867,2026-03-01,Jordan,Alder,jordan.alder@keystonecloud.example,"VP, Fraud Strategy",head_of_fraud,Keystone Cloud,ACC-1148,b2b_saas_payroll,APAC,3173,Outbound - Unify Signals,,fraud,False,fraud_team_hiring@2026-03-20|sardinecon_attended@2026-03-08,Converted,2026-03-02,2026-03-02,2,2026-03-08,2026-03-11,OPP-7092,,SDR - Fran Moretti
L-5868,2026-06-13,Skyler,Thorne,skyler.thorne@summitridgeexchange.example,"Director, Fraud Risk",head_of_fraud,Summit Ridge Exchange,ACC-1336,crypto,NA,1856,Outbound - Unify Signals,,compliance,True,,Converted,2026-06-13,2026-06-13,2,2026-06-28,2026-06-30,OPP-7093,,SDR - Fran Moretti
L-5869,2026-01-08,Logan,Quill,logan.quill@evergreenstudio.example,Marketing Coordinator,unknown,Evergreen Studio,ACC-1198,other,EMEA,385,Partner Referral,Helix by Q2,fraud,False,,Disqualified,,,,,,,Bad Data,Marketing Queue
L-5870,2026-07-07,Quinn,Nash,quinn.nash@meridianpayroll.example,CISO,ciso_security,Meridian Payroll,ACC-1088,b2b_saas_payroll,EMEA,3785,Outbound - Clay Enrichment,,fraud,False,demo_request@2026-07-15|regulatory_action@2026-07-11|competitor_renewal_window@2026-07-20|email_reply_positive@2026-07-15,Recycled,,,,,,,,Marketing Queue
L-5871,2026-06-29,Rowan,Rourke,rowan.rourke@crescenttickets.example,"Director, Card Products",head_of_payments_product,Crescent Tickets,ACC-1376,marketplace_commerce,EMEA,5797,Content Download,,fraud,True,competitor_renewal_window@2026-07-17,Disqualified,,,,,,,No Use Case,Marketing Queue
L-5872,2026-03-11,Drew,Lowry,drew.lowry@mapleleafcollective.example,Office Manager,unknown,Maple Leaf Collective,ACC-1089,other,NA,132,Demo Request,,fraud,False,demo_request@2026-03-18|new_product_launch@2026-03-21,Disqualified,,,,,,,Not ICP,Marketing Queue
L-5873,2026-07-12,Riley,Ellery,riley.ellery@summitridgesavingsbank.example,Chief Risk Officer,chief_risk_officer,Summit Ridge Savings Bank,ACC-1130,regional_bank_cu,NA,1184,Paid Social,,fraud,False,sardinecon_attended@2026-07-16|unify_website_visit@2026-07-14,Recycled,2026-07-15,2026-07-15,2,2026-07-31,,,,SDR - Fran Moretti
L-5874,2026-09-12,Blake,Rourke,blake.rourke@crescentpay.example,VP Payments,head_of_payments_product,Crescent Pay,ACC-1150,fintech_neobank,LATAM,2741,Webinar,,compliance,True,,New,,,,,,,,Marketing Queue
L-5875,2026-02-08,Jamie,Kestrel,jamie.kestrel@riverbendtickets.example,"Director, Fraud Risk",head_of_fraud,Riverbend Tickets,ACC-1335,marketplace_commerce,EMEA,9660,Outbound - Unify Signals,,fraud,False,demo_request@2026-02-16|sardinecon_attended@2026-02-28|unify_website_visit@2026-02-09|content_download@2026-02-27,Disqualified,2026-02-09,2026-02-09,8,,,,Not ICP,SDR - Gabi Souza
L-5876,2026-09-25,Reese,Quill,reese.quill@bayfrontfederalcu.example,Chief Compliance Officer,bsa_aml_officer,Bayfront Federal CU,ACC-1324,regional_bank_cu,NA,2122,Demo Request,,fraud,True,demo_request@2026-10-01|regulatory_action@2026-10-01,New,,,,,,,,Marketing Queue
L-5877,2026-05-18,Blake,Lowry,blake.lowry@prairiefirstbooks.example,VP Payments,head_of_payments_product,Prairie First Books,ACC-1343,b2b_saas_payroll,NA,9595,Paid Social,,fraud,False,new_product_launch@2026-05-24,Recycled,,,,,,,,Marketing Queue
L-5878,2026-06-18,Sage,Quill,sage.quill@arborcustody.example,Senior Fraud Analyst,fraud_ops_manager,Arbor Custody,ACC-1007,crypto,NA,1250,Content Download,,fraud,False,chat_engaged@2026-06-22|new_product_launch@2026-07-02,Recycled,,,,,,,,Marketing Queue
L-5879,2026-03-25,Logan,Ellery,logan.ellery@cedarvalleycard.example,Head of Risk Analytics,risk_data_science,Cedar Valley Card,ACC-1270,fintech_neobank,NA,2650,Website Chat,,fraud,False,chat_engaged@2026-04-09,Recycled,,,,,,,,Marketing Queue
L-5880,2026-07-19,Casey,Garrow,casey.garrow@keystonecollective.example,Vendor Risk Manager,blocker_procurement,Keystone Collective,ACC-1441,other,NA,477,Paid Social,,fraud,False,,Disqualified,,,,,,,Not ICP,Marketing Queue
L-5881,2026-03-23,Quinn,Quill,quinn.quill@evergreenwallet.example,Head of Fraud,head_of_fraud,Evergreen Wallet,ACC-1290,fintech_neobank,EMEA,1405,Demo Request,,compliance,False,demo_request@2026-04-09|regulatory_action@2026-03-23|content_download@2026-03-28|fraud_team_hiring@2026-03-29,Recycled,2026-03-23,2026-03-23,1,,,,,SDR - Alex Rivera
L-5882,2026-09-29,Jordan,Alder,jordan.alder@falconcommerce.example,"Director, Fraud Risk",head_of_fraud,Falcon Commerce,ACC-1008,marketplace_commerce,NA,11643,Outbound - Unify Signals,,fraud,True,content_download@2026-10-01,New,,,,,,,,Marketing Queue
L-5883,2026-07-21,Taylor,Lowry,taylor.lowry@bluemesapay.example,AML Investigations Lead,fraud_ops_manager,Blue Mesa Pay,ACC-1410,fintech_neobank,NA,2014,Demo Request,,compliance,True,demo_request@2026-07-30,Recycled,,,,,,,,Marketing Queue
L-5884,2026-02-17,Casey,Garrow,casey.garrow@oakmontchain.example,"Director, Financial Crimes Compliance",bsa_aml_officer,Oakmont Chain,ACC-1332,crypto,,2575,Partner Referral,Helix by Q2,fraud,False,webinar_attended@2026-03-02|email_reply_positive@2026-03-06,Disqualified,,,,,,,Not ICP,Marketing Queue
L-5885,2026-08-27,Rowan,Orwell,rowan.orwell@redwoodconsulting.example,Marketing Coordinator,unknown,Redwood Consulting,ACC-1395,other,EMEA,391,Outbound - Unify Signals,,fraud,False,demo_request@2026-09-07|webinar_attended@2026-09-06|competitor_renewal_window@2026-09-14,Working,2026-08-30,2026-08-30,20,,,,,SDR - Fran Moretti
L-5886,2026-06-07,Emerson,Rourke,emerson.rourke@evergreenneo.example,BSA/AML Officer,bsa_aml_officer,Evergreen Neo,ACC-1201,fintech_neobank,MENA,3011,Demo Request,,fraud,True,demo_request@2026-06-14|webinar_attended@2026-06-07,Recycled,,,,,,,,Marketing Queue
L-5887,2026-04-14,Blake,Ellery,blake.ellery@cedarvalleybooks.example,"Director, Information Security",ciso_security,Cedar Valley Books,ACC-1188,b2b_saas_payroll,NA,7007,Outbound - Unify Signals,,fraud,False,unify_website_visit@2026-04-23,Recycled,,,,,,,,Marketing Queue
L-5888,2026-05-04,Parker,Quill,parker.quill@clearwatermoney.example,"Director, Fraud Risk",head_of_fraud,Clearwater Money,ACC-1401,fintech_neobank,NA,2805,Partner Referral,SI partner,fraud,True,new_product_launch@2026-05-24|fraud_team_hiring@2026-05-07,Recycled,,,,,,,,Marketing Queue
L-5889,2026-07-09,Jamie,Ellery,jamieellery@gmail.example,"Director, Card Products",head_of_payments_product,Northgate Neo,ACC-1219,fintech_neobank,NA,739,Outbound - Clay Enrichment,,fraud,True,fraud_team_hiring@2026-07-23|content_download@2026-07-09|competitor_renewal_window@2026-07-28,Disqualified,,,,,,,No Use Case,Marketing Queue
L-5890,2026-04-10,Morgan,Rourke,morgan.rourke@silverlinepayroll.example,CISO,ciso_security,Silverline Payroll,ACC-1267,b2b_saas_payroll,EMEA,4669,Outbound - Unify Signals,,fraud,False,,Recycled,,,,,,,,Marketing Queue
L-5891,2026-07-08,Parker,Orwell,parker.orwell@clearwatermoney.example,Fraud Operations Manager,fraud_ops_manager,Clearwater Money,ACC-1401,fintech_neobank,NA,2805,Event,,compliance,True,chat_engaged@2026-07-22,Recycled,,,,,,,,Marketing Queue
L-5892,2026-05-28,Drew,Fairbanks,drew.fairbanks@copperstatecommerce.example,"Director, Information Security",ciso_security,Copper State Commerce,ACC-1049,marketplace_commerce,APAC,3446,Demo Request,,fraud,False,demo_request@2026-06-09|pricing_page_visit@2026-06-10,Recycled,2026-05-28,2026-05-29,30,2026-06-11,,,,SDR - Fran Moretti
L-5893,2026-05-21,Blake,Lowry,blake.lowry@ironwooddigitalassets.example,"VP, Fraud Strategy",head_of_fraud,Ironwood Digital Assets,ACC-1374,crypto,EMEA,3037,Webinar,,compliance,False,,Recycled,2026-05-22,2026-05-22,1,,,,,SDR - Dana Lopes
L-5894,2026-01-14,Skyler,Nash,skyler.nash@redwoodneo.example,"Director, Fraud Risk",head_of_fraud,Redwood Neo,ACC-1425,fintech_neobank,NA,912,Website Chat,,compliance,True,chat_engaged@2026-01-21,Disqualified,2026-01-15,2026-01-15,6,,,,Competitor,SDR - Eli Novak
L-5895,2026-01-07,Sage,Fairbanks,sage.fairbanks@clearwatertickets.example,Fraud Operations Manager,fraud_ops_manager,Clearwater Tickets,ACC-1167,marketplace_commerce,NA,706,Website Chat,,fraud,True,chat_engaged@2026-01-27,Recycled,,,,,,,,Marketing Queue
L-5896,2026-07-15,Blake,Brooks,blake.brooks@tidewatercloud.example,CISO,ciso_security,Tidewater Cloud,ACC-1199,b2b_saas_payroll,NA,2731,Website Chat,,fraud,False,chat_engaged@2026-07-26,Disqualified,,,,,,,No Use Case,Marketing Queue
L-5897,2026-02-18,Morgan,Brooks,morgan.brooks@keystonestudio.example,Vendor Risk Manager,blocker_procurement,Keystone Studio,ACC-1417,other,NA,43,Event,,fraud,False,,Recycled,,,,,,,,Marketing Queue
L-5898,2026-08-29,Drew,Calloway,drew.calloway@tidewatercommerce.example,"VP, Fraud Strategy",head_of_fraud,Tidewater Commerce,ACC-1022,marketplace_commerce,EMEA,5673,Demo Request,,fraud,True,demo_request@2026-09-08|champion_job_change@2026-08-29|demo_request@2026-09-13,Converted,2026-08-31,2026-08-31,6,2026-09-12,2026-09-16,OPP-7094,,SDR - Eli Novak
L-5899,2026-04-24,Drew,Pruitt,drew.pruitt@mapleleafneo.example,"Director, Fraud Data Science",risk_data_science,Maple Leaf Neo,ACC-1284,fintech_neobank,MENA,4488,Outbound - Unify Signals,,compliance,False,fraud_team_hiring@2026-05-02,Disqualified,,,,,,,Competitor,Marketing Queue
L-9900,2026-06-05,Taylor,Calloway,taylor.calloway@pinecrestplay.example,"VP, Fraud Strategy",head_of_fraud,Pinecrest Play,ACC-1271,gaming_prediction,EMEA,331,Outbound - Unify Signals,,fraud,True,competitor_renewal_window@2026-06-24|new_product_launch@2026-06-23,New,,,,,,,,Marketing Queue
L-9901,2026-04-24,Sage,Hollis,sage.hollis@lakeshoreagency.example,Consultant,unknown,Lakeshore Agency,ACC-1368,other,NA,442,Outbound - Clay Enrichment,,fraud,False,sardinecon_attended@2026-04-28|fraud_team_hiring@2026-05-11,New,,,,,,,Not ICP,Marketing Queue
L-9902,2026-02-12,Drew,Hollis,drew.hollis@sterlingissuing.example,"Director, Fraud Data Science",risk_data_science,Sterling Issuing,ACC-1119,payments_issuing,NA,12618,Event,,compliance,True,webinar_attended@2026-02-28|new_product_launch@2026-03-01|champion_job_change@2026-02-14,New,,,,,,,,Marketing Queue
L-9903,2026-03-15,Kendall,Garrow,kendall.garrow@arborissuing.example,Chief Risk Officer,chief_risk_officer,Arbor Issuing,ACC-1016,payments_issuing,NA,4775,Event,,fraud,True,new_product_launch@2026-03-29|unify_website_visit@2026-03-21,New,,,,,,,,Marketing Queue
L-9904,2026-07-13,Sage,Garrow,sage.garrow@ironwoodwallet.example,"Director, Fraud Risk",head_of_fraud,Ironwood Wallet,ACC-1241,fintech_neobank,NA,657,Website Chat,,fraud,True,chat_engaged@2026-08-02|content_download@2026-07-30,New,,,,,,,,Marketing Queue
L-9905,2026-07-06,Morgan,Garrow,morgan.garrow@clearwaterplay.example,"Director, Financial Crimes Compliance",bsa_aml_officer,Clearwater Play,ACC-1249,gaming_prediction,MENA,222,Webinar,,fraud,False,unify_website_visit@2026-07-09|webinar_attended@2026-07-25,New,,,,,,,,Marketing Queue
